seller_type,house_type,rooms,area_m2,floor,floors_total,build_type,planning,bathroom,furnished,includes,nearby,commission,description,city,url
Частное лицо,,,,,,,,,,,,,ОписаниеПродается СВОЯ 3х комнатная квартира на 2м этаже Мархабо Сангизар. Цена 58.500$ только за наличные. Звонить с 9.00 до 23.00 по номеру +99891 540 11 86,,https://www.olx.uz/d/obyavlenie/prodaetsya-3h-komnatnaya-kvartira-marhabo-sangizar-ID43tUB.html
Частное лицо,,,,,,,,,,,,,ОписаниеГород - ТашкентРайон - Мирзо УлугбекскийУлица/-  Карасу-6  БазарКомнат -2/3+2Этаж -1+1 ДублексПлощадь м² -62+62Состояние -  НовойОписание - уютная квартира и хорошое расположениеЦена - 125000 $Телефон  +998901000202Топли пол 100%JOXA0202 Telegram62 kv m2 +1 Remont  Qilingan62 kv m2  -1 Remontsiz,,https://www.olx.uz/d/obyavlenie/karasu-6-rayon-mirzo-ulugbekskiy-2-3-2-dubleks-ulitsa-karasu-6-ID44Tpi.html
Частное лицо,,,,,,,,,,,,,ОписаниеManzil:Qora qamish 1/2 28 dom 3 etajUy 83 kvadrat 4 xonaSrochno sotiladiNarx kelishilad,,https://www.olx.uz/d/obyavlenie/4-xonali-uy-sotiladi-ID46bGn.html
Бизнес,,,,,,,,,,,,,ОписаниеСрочно продается ПаркентскийЗавод шампанских вин2/2/9Площадь 65м2Без ремонтаОтдельный входЦена:67.001$+998909553948+998332092929,,https://www.olx.uz/d/obyavlenie/srochno-prodaetsya-kvartira-2-2-9-otdelnyy-vhod-parkentskiy-ID45rj5.html
Бизнес,,,,,,,,,,,,,"ОписаниеПродаётся 2-х комнатная квартираКирпичный ДомОриентир: гостиница СаехатКомнат: 2Этаж: 4Этажность: 5Общая площадь: 56 м2Лоджия: 2*6Состояние: без ремонтаОдин (1) санузелНе у дороги, не торцеваяЦена: 63.000 y.e./торг+998909946644 Улугбекt.me/akhulugbek",,https://www.olx.uz/d/obyavlenie/prodaetsya-2-komnatnaya-kvartira-gostinitsa-saehat-ID45riQ.html
Бизнес,,,,,,,,,,,,,"ОписаниеПродается 2/4/5. 52м²Кирпич, балкон 2х6Состояние хорошее, зайти житьМаксим Горький,ост.Художников63.700+998901212521",,https://www.olx.uz/d/obyavlenie/srochno-prodaetsya-2kom-kvartira-maksim-gorkiy-hudozhnik-ID3ZIzS.html
Частное лицо,,,,,,,,,,,,,ОписаниеСрочно продам Заправку Адрес Чалак ШахриЗвонить реальном покупателем для иформации тел;98 137 07 74,,https://www.olx.uz/d/obyavlenie/srochno-prodaetsya-ID3zVFQ.html
Бизнес,,,,,,,,,,,,,"ОписаниеПродаётся КвартираЧиланзар 3 квартал2в3/4/4Орентир: Клиника Эстимед ,Торговый центрПлощадь:46кв.мТип строения панельАбсолютно новый ЕВРО ремонтПолностью упакованаБалкон 1.5х3Планировка зеркалка,смежкаЦена:73.500 $Телефон:+998872601515",,https://www.olx.uz/d/obyavlenie/chilanzar-3-kvartal-2v3-4-4-or-r-torgovyy-tsentr-ID45n81.html
Бизнес,,,,,,,,,,,,,"ОписаниеЖК ""БАРОККО"" 4/9/10Ориентир ГидрометцентрОриентир финан.институтОБЩАЯ ПЛОЩАДЬ: 150м2Полноценная 4 комнатнаяВсе комнаты раздельныеДва (2) санузла; прачечная;КВАРТИРА КЛАССА ЛЮКСАВТОРСКИЙ ЕВРО РЕМОНТПолностью укомплектованаМЕБЕЛЬЮ И ТЕХНИКОЙ FULLЦЕНА: 420.000 у.е./торг",,https://www.olx.uz/d/obyavlenie/zhk-barokko-4-9-10-evrolyuks-150m2-novyy-remont-novomoskovskaya-ID45riK.html
Бизнес,,,,,,,,,,,,,ОписаниеЧиланзар 23 Квартал2\2\5Средний ремонтКирпичный домРазделкаЦена 50.500$Звоните по номеру +998992843233.Или напишите в телеграм!,,https://www.olx.uz/d/obyavlenie/razdelka-chilanzar-23-kvartal-2-2-5-prodaetsya-kvartira-ID45Qnl.html
Частное лицо,,,,,,,,,,,,,ОписаниеСрочно продаётся дом 2 этажный котеджный,,https://www.olx.uz/d/obyavlenie/srochno-satylady-zhay-ID3pc41.html
Частное лицо,,,,,,,,,,,,,"Описание3 хоналик уйимизни сотамиз. Хоналари алохида алохида. Уйимиз Сергели 3- ва 4-метродан унча узок булмаган, жамоат транспортига ва кулайликларга жуда якин жойлашган. Уй олдида машина учун шахсий автотрураргохимиз мавжуд. 2021 йил октябрда фойдаланишга топширилган! 2022 йил февралда сотиб олинган. Бошка уйга кучаетганлигимиз сабабли сотувга чикардик. Файзли, баракали хонадон!Кухонный мебель, кондиционер, пардалар, коридордаги катта мебель шкаф колади!+998974640052",,https://www.olx.uz/d/obyavlenie/srochno-yangihaet-tumani-9-kurilish-hududi-3-4-16-ID3ZllA.html
Бизнес,,,,,,,,,,,,,"ОписаниеПродаётся чистая 3-комн квартира на 6 этаже 9-этажного дома.     Общая площадь 80 м2.     +AKFA рамы, решетки на окнах.Квартира чистая.Можно в ипотекуСергели.    Массив Строитель.Звоните +998903973232.",,https://www.olx.uz/d/obyavlenie/srochno-prodaetsya-3-komn-mozhno-ipoteka-massiv-stroitel-sergeli-ID3TphR.html
Частное лицо,,,,,,,,,,,,,"ОписаниеПродаётся 4-комнатная квартира в новостройке, Чиланзар, 17-й кварталЦена с мебелью и техникой: 260 000$Цена без мебели и техники: 225 000$Просторная и светлая квартира с евроремонтом в одном из самых удобных районов города!Адрес: Чиланзар, 17-й квартал, новостройкаЭтаж: 3 из 4Площадь: 150 м²Количество комнат: 4Квартира продаётся с мебелью и всей необходимой бытовой техникой — заезжай и живи!Выполнен качественный евроремонт с использованием современных материаловПрочный кирпичный дом – стены двойные, отличная тепло- и шумоизоляцияПросторная кухня, уютная гостиная, отдельные спальниЧистый подъезд, спокойные соседи, благоустроенный дворОтличный вариант для большой семьи. Удобная локация: рядом школы, детские сады, супермаркеты, остановки общественного транспорта.",,https://www.olx.uz/d/obyavlenie/prodaetsya-4-komnatnaya-kvartira-v-novostroyke-chilanzar-17-y-kvartal-ID45M9Z.html
Бизнес,,,,,,,,,,,,,"ОписаниеНОВОСТРОЙКА 4/1/8 кирпичДвухуровневая квартираПаркетский (Завод шампанских вин)ЖК ""Mashxadi ResidenceПаркентский ор.""Пеннаяул.Султонали МашхадийЗаселение - 50%УСЛУГИ РИЭЛТОРОВ ПРИВЕТСТВУЮТСЯ4 комнатная; 1 этажПлощадь 121 кв:1 этаж = 81 квЦоколь = 40 квСостояние: КоробкаКадастр на рукахЦЕНА: 100.000 СРОЧНОТел: +99897 774 7722Телеграмм: +99897 776 7722",,https://www.olx.uz/d/obyavlenie/prodayu-svoyu-korobku-121-kv-825-u-e-za-kv-kadastr-est-ID3FZFe.html
Частное лицо,,,,,,,,,,,,,"ОписаниеПродаеться своя 3-х комнатная квартира в Олмазор сити , Новый ремонт никто не жил все новое",,https://www.olx.uz/d/obyavlenie/prodaetsya-3-h-komntanaya-kvartira-v-olmazar-city-olmazor-siti-ID44M9l.html
Бизнес,,,,,,,,,,,,,ОписаниеДархан 75м23/4/9 панел//Мебель + техника///Балкон 1*7Не торец//Комнаты раздельный //Санузел раздельныйOrientir Физкультурный Институт//Цена 93000 Срочно////Telefon +998909542979//,,https://www.olx.uz/d/obyavlenie/drarxan-74m2-3-4-9-srochno-balkon-1-7-uspey-kupit-ID452kx.html
Частное лицо,,,,,,,,,,,,,"ОписаниеПродам или обменяю 2х комнатную квартиру в 2х этажном кирпичном доме, на 1 этаже, общей площадью 57 кв.м. в районе городской больницы, очень хорошее место для открытия любого бизнеса,можно магазин. салон красоты, процедурный, массажный, офис и.т.д. все коммуникации имеются также есть прилегающая территория, ко оруб можно использовать во своих целях, можно жить работать в помещении. Рассмотрю варианты обмена !Все подробности по номеру+99890 3581853 , если не возьму трубку, оставьте смс сообщение,, а я вам позже перезвоню.",,https://www.olx.uz/d/obyavlenie/prodaetsya-2h-komnatnaya-kvartira-nezhiloe-rassmotryu-varianty-obmena-ID46fUY.html
Бизнес,,,,,,,,,,,,,"ОписаниеSotuvda 3 xonali kvartira | Buyuk Ipak Yo‘liJoylashuv: Buyuk Ipak Yo‘li metro bekati, Sayram ko‘chasiHolati: YaxshiXususiyatlari:Qavat: 1 / 4Umumiy maydon: 76 m²Xonalar: 3 taBalkon: 2x6Qurilish turi: G‘ishtliNarxi: 83000 dollarIpoteka: MumkinMo‘ljal: Sayram ko‘chasi, Buyuk Ipak Yo‘li metroBog‘lanish: +998 97 342 54 44 — BakhytbekHavola: https://t.me/BahutRealtor#МирзоУлугбек #3хона #ипотека---Продается 3 комнатная квартира | Буюк Ипак ЙулиЛокация: м. Буюк Ипак Йули, улица СайрамСостояние: ХорошееХарактеристики:Этаж: 1 / 4Общая площадь: 76 м²Комнат: 3Балкон: 2x6Дом кирпичныйЦена: 83000 долларовИпотека возможнаОриентир: улица Сайрам, метро Буюк Ипак ЙулиКонтакт: +998 97 342 54 44 — БахытбекСсылка: https://t.me/BahutRealtor#MirzoUlugbek #3комнаты #ипотека",,https://www.olx.uz/d/obyavlenie/biy-3-1-4-metro-ipoteka-ID45Qn1.html
Бизнес,,,,,,,,,,,,,"ОписаниеSotuvda 2 xon kvartira""Mega Tower"" Turar-joy majmuasiMo'ljal: Mega Planet, Yunusobod tumaniXona soni: 2Qavat: 11Uy qavatligi: 13Kvadrat: 47 м2Holati: Evro remontMebel+TexnikaNarxi: 70.000 y.e+998909946644 Ulugbek",,https://www.olx.uz/d/obyavlenie/mega-tower-sotuvda-2-xonalik-uy-remont-mega-planet-yunusobod-tumani-ID42fne.html
Бизнес,,,,,,,,,,,,,"ОписаниеБуюк ипак йули.Комнат 2Этаж    1Этажность 5Общая площадь:52м2Новый ремонт, все раздельно. Парковка, отдельный вход с улицы.ЦЕНА: 72.500 у.е.+998900131730https://t.me/M_UlugbekM2#2ком",,https://www.olx.uz/d/obyavlenie/2-1-4-buyuk-ipak-yuli-maksim-gorkiy-ID452ke.html
Бизнес,,,,,,,,,,,,,ОписаниеМирабадский районОриентир- ГоспитальныйНовостройкаЖК Mirabad AvenueКомнат : 2Этаж : 7Этажность : 10Площадь : 70 кв.мСостояние : Хороший ремонтС мебелью и техникойЦена : 245 000y.e+998900070022,,https://www.olx.uz/d/obyavlenie/prodazha-novostroyka-zhk-mirabad-avenue-2-7-10-70m2-evro-remont-ID46fUp.html
Бизнес,,,,,,,,,,,,,"ОписаниеЯнги Уйлар ( Новостройка )Хонадонлар сотувдаКадастр хужжатлари тайёр !2-хона 46 кв.м 42.000$2-хона 49 кв.м 44.000$Хонадонлар холати :- хоналари бўлинган- қора сувоқда- счетчиклар ўрнатилганХонадонлар сони чекланган !Кредит йуқ , ипотека йуқСубсидия йу́қМанзил: Тошкент шахарМиробод туманиФайзабод махаласиМу́ллжал: РИСОВЫЙ мостМалумот учун телефон :+998(97)709-9997+998(97)788-6666",,https://www.olx.uz/d/obyavlenie/novostroyka-2-hona-46-kv-m-balkon-kadastr-tayer-fayzabod-risiviy-b-r-ID401Wc.html
Частное лицо,,,,,,,,,,,,,"Описание2-комнатная квартира | 47 м² | Куйлюк-1, рядом метроПродается 2-комнатная квартира в отличном состоянии!Куйлюк-1, ориентир — мебельныйРядом новая станция метро, развитая инфраструктура:  Корзинка школы, детские сады, магазины, аптеки — всё рядом!• 4 этаж из 4 (крыша новая, не течет)• Площадь: 47 м²• Качественный ремонт• Мебель и техника остаются• Заходи и живиИдеальный вариант для проживания или сдачи в аренду.Я собственник2 xonali kvartira | 47 m² | Kuylyuk-1, metroga yaqinA’lo holatdagi 2 xonali kvartira sotiladi!Kuylyuk-1, mo‘ljal — mebel bozoriYangi metro bekati yaqin, rivojlangan infratuzilma: Korzinka, maktablar, bog‘chalar, do‘konlar, dorixonalar — hammasi yaqin!• 4-qavatli uyning 4-qavati (tom yangi, oqmaydi)• Maydoni: 47 m²• Sifatli ta’mir• Mebel va texnika qoladi• Kir va yashang — hech nima xarid qilish shart emasYashash yoki ijaraga berish uchun ideal variant.Men egasiman",,https://www.olx.uz/d/obyavlenie/2-komnatnaya-kvartira-47-m-kuylyuk-1-svoya-ID400Zf.html
Частное лицо,,,,,,,,,,,,,"ОписаниеУдобная локация, спальный район, спешой доступности расположены Корзинка, магазины, кафе, поликлиника, школа, детский сад. Также, учитывая расположение квартиры, можно использовать как не жилое помещение. С двух сторон имеется свой закрытый двор/огород.",,https://www.olx.uz/d/obyavlenie/prodaetsya-kvartira-m-ulugbek-massiv-a-yugnakiy-ID465Yj.html
Бизнес,,,,,,,,,,,,,"ОписаниеЯнги Уйлар ( Новостройка 3 қаватли )Хонадонлар сотувдаКадастр хужжатлари тайёр !1-хона 33 кв.м 29.400$Хонадонлар холати :- без ремнот- қора сувоқда- хоналари бўлинган- счетчиклар ўрнатилганИпотека йуқ ,Субсидия йу́қ ,Кредит йуқМанзил: Тошкент шахарМиробод туманиФайзабод махаласиМу́ллжал: РИСОВЫЙ мостШошилинг сони чекланган !Малумот учун телефон :+998(97)709-9997+998(97)788-6666",,https://www.olx.uz/d/obyavlenie/1-hona-33-kv-m-yangi-uylar-novostroyka-kadastr-tayer-mllzhalrisovyy-ID41YE7.html
Частное лицо,,,,,,,,,,,,,"ОписаниеПродается однокомнатная квартира в ЖК "" OzMakon - 1 "" от GoldenHouse.  (Ипотеки нет)Продажа через Переуступку при участии самого GoldenHouse.Дом будет полностью завершен (ориентировочно 2-3 квартал 2025 года)Квартира в центре города - ул. Фаргона йулиОриентиры - Северный вокзал, ТЦ - Alfraganus, в 5 мин от сквера Амира Тимура.Кол-во комнат: 1Площадь: 29м2Этаж: 15 из 16Планировка: раздельнаяРемонт: черновая отделкаЗакрытый и безопасный двор без машин.Причина продажи: нужны деньги для переезда.Просьба, не серьезным и посредникам (риэлторам) не беспокоить.",,https://www.olx.uz/d/obyavlenie/ochen-srochno-nuzhny-dengi-svoya-kvartira-goldenhouse-ozmakon-1-30m2-ID40uJP.html
Частное лицо,,,,,,,,,,,,,"ОписаниеПродаётся двух комнатная квартира! 2/2/9. Адрес Юнсабад 13 квартал 5 домвсе шаговой доступности рядом школа и садик рынок Ахмад Дониш и Юнсабадский продуктовый базар(Универсам)супер маркети  Мегапланет, Карзинка и Хавас. метро Станция Юнсабад всё находится ближе 200-300 метров. Некоторые вещи остаются. квартира своя!!тел: +998909699994Юнсабад 13 кв 5дом  2/2/9 квартира сотилади. Атрофда хамма керели транспорт бозор ва супер маркетлар якин мактаб, богча Карзинка, Мегапланет, Хавас, Юнсабад дехкон бозори, универсам, Юнсабад метроси хамаси 200-300м ораликда жойлашган. Бази нарсалар колади. Уй узимники!!Тел: +998909699994",,https://www.olx.uz/d/obyavlenie/prodaetsya-yunsabad-13-kv-2-2-9-ID3Tnq4.html
Бизнес,,,,,,,,,,,,,"ОписаниеArzon va qulay kvartira sotiladi!Manzil:Chirchiq sh. 8-noxiya, Humo mahallasi, 1-uy, 33-xonadonUmumiy maydon: 30.7 kv.mYashash maydoni: 15.9 kv.m1 xonali, o‘rta holatda, saranjom va ozodaAsosiysi – joyi zo‘r!Hammasi qo‘lingizning ostida:Bog‘cha – 3 daqiqalik masofaMaktab – yaqin oraliqdaBozor – kunlik xarid uchun qulay joySayilgoh – dam olish uchun ideal joyPoliklinika – salomatlik nazoratdaKo'plab Kafe va Restoranlar.Bu kvartira – yolg‘izlar, yosh oilalar yoki sarmoyadorlar uchun a’lo tanlov!NarxI 24500 $Bog‘lanish uchun",,https://www.olx.uz/d/obyavlenie/8-kichik-noxiya-bir-xonali-kvartira-ID461vi.html
Бизнес,,,,,,,,,,,,,ОписаниеЮнусабад 13. 2в3/2/450м2.Балкон 1.5-6Комнаты смежные.Новый ЕВРО ремонт.Мебель +техника5 минут метроЦена: 66500Тел: +998934320532,,https://www.olx.uz/d/obyavlenie/yu-13-2v3-2-4-ipoteka-mebel-tehnika-ID3X14o.html
Бизнес,,,,,,,,,,,,,"ОписаниеЯнги Уйлар ( Новостройка )2-хона 46 кв.м янги ремонтКадастр хужжатлари тайёр !Нархи: 50.000$Кредит йуқ ,ипотека йуқ ,Субсидия йу́қМанзил: Тошкент шахар,Миробод туманиМу́ллжал: Файзабод махалласи, ГАИМалумот учун телефон :+998(97)709-9997+998(97)788-6666",,https://www.olx.uz/d/obyavlenie/yangi-uylar-novostroyka-2-hona-46-kv-m-yangi-remont-fayzabod-gai-ID401uS.html
Бизнес,,,,,,,,,,,,,ОписаниеХоналар сони: #3хКават:3Уйнинг каватлар сони:5Манзил:АерапортКурилиш тури:ПонелнийХоналар жойлашуви:АлохидаУмумий майдони:85Холати:ЕвроНархи:46.900$Тел:97-309-88-38 / 91-979-7447Иккиламчи кридитга хам берилади!,,https://www.olx.uz/d/obyavlenie/3-honalik-kvartira-3-etazh-shark-1-aeroport-ID3YHHL.html
Бизнес,,,,,,,,,,,,,ОписаниеИпатека тоже можна ИПАТЕКА ТЎГРИ КЕЛАДИ Продажа Юнус абад БАХТ КАСРИ комплекс Навастройка керпич Голден Хаус СВАЯ,,https://www.olx.uz/d/obyavlenie/prodazha-yunus-abad-17kvartal-svaya-ID43rIq.html
Частное лицо,,,,,,,,,,,,,"ОписаниеУрганч шахар Марказида, Миллий банк йонида Лучевая кучасинда 2 этажли Пишган карвучдан курилган домнинг 2-этажинда 1 хонали квартира айрим жихозлари билан Сотилади. Ремонти яхши акфа ойналар куйилган, яшаш учун хамма шароитлар [газ, свет,сув) бор. Кушнилар жуда яхши. Бир этажда  3 та хужалик.Подезд чистая, акуратний. Мактаб, бокча,дуконла, Миллий банк, айрапорт, вогзал, Гипермаркет, бозор бир одим. Шахарни маркази. жудахам яхши жой ховоси тозо, дарахтла  куп. Тел:+998999665601",,https://www.olx.uz/d/obyavlenie/pishgan-karvuchdan-1-honoli-kvartira-ID3Gpe9.html
Бизнес,,,,,,,,,,,,,ОписаниеНОВОСТРОЙКА 3/8/9ЖК NURNAMUNA DEVELOPMENTОриентир: Алайский базарОбщая площадь: 86.61 м2 + 11.4 м2 балконСостояние: новый ремонтТеплый полПанорамные окнаДва балконаКадастр естьдва санузлаЦЕНА: 145 000 y.e.+998978770077 Алексей,,https://www.olx.uz/d/obyavlenie/zhk-nur-3-komnaty-alayskiy-bazar-86m2-kadastr-est-ID45rij.html
Бизнес,,,,,,,,,,,,,"ОписаниеХоналар сони: #3хКават: 6 + лифтУйнинг каватлар сони: 9Манзил: бухара сити, латтикоКурилиш тури: кирпичныйХоналар жойлашуви: алохидаУмумий майдони: 90 квмХолати: евроремонт, жихозлари коладиНархи: 67.000$Тел:91-246-7447 / 91-979-7447",,https://www.olx.uz/d/obyavlenie/3-honalik-kvartira-6-etazh-yangi-liftlik-dom-buhara-siti-lattiko-ID436yZ.html
Бизнес,,,,,,,,,,,,,ОписаниеБуюк Ипак Йули.Жк Sayram.Комнат 2Этаж    6Этажность 9Общая площадь:55м2ЦЕНА: 68.000 у.е+998900131730https://t.me/M_UlugbekM2#2ком,,https://www.olx.uz/d/obyavlenie/prodaetsya-2-6-9-buyuk-ipak-yuli-maksim-gorkiy-ID452jS.html
Бизнес,,,,,,,,,,,,,ОписаниеСУПЕР КВАРТИРАЧил 19 квартал 2в3/3/41.5*3 балКомната смежныйСанузел разделныйЕвро ремонтМебель  + Техника УпаковкаПанельный домНе торецДом вдоль дорогиОр-р 50/50 Мойка ( WhatsApp )Общая площадь: 48м2Балкон:1.5*3Цена: 70.000$Тел +998908118991Тел +998908218444Лучшие предложение по городу ташкентаhttps://t.me/arzonuylartoshkent1,,https://www.olx.uz/d/obyavlenie/prodaetsya-super-kvartira-3-kom-kvartira-vdol-dorogi-ID46fUa.html
Бизнес,,,,,,,,,,,,,"Описание3/9/9 втоичкаСЕБЗАРРайон: АлмазарскийОр-р: Ривьера , ГангаПлощадь: 72м²Состояние: без ремонтаКрасивый вид из окна на мечетьЦена: 70.000Можно в ипотеку+998770033129",,https://www.olx.uz/d/obyavlenie/3h-kom-70m2-prodam-kvartiru-sebzar-ganga-rivera-ID452jQ.html
Частное лицо,,,,,,,,,,,,,"ОписаниеКвартира для тех, кто любит комфорт! Центральная отопление!  Вокруг — зелёные дворы, детские и спортивные площадки, свободная парковка.Метро Чинор и Кипчок в 10 минутах пешей прогулки, автобусная остановка — 5 минутах пешком.Рядом 37-я  поликлиника и 1-й Роддом за одним домом!Школа и детский сад пеший доступности !4-х этажный дом1-этаж отдельным подвалом58 м² - Жилая площадь2-комнаты переделанные 3-х комнатнуюКухня со совей мебельюСан узел раздельныйТехника договорнаяСвежий ремонт,Соседи хорошие,Очень тихий и комфортный район,Вокруг много магазинов и аптек,Форма оплаты наличные или ипотека, договорная!Сейсмика гарантия СССР!Qulaylikni yaxshi ko'radiganlar uchun kvartira! Markaziy isitish! Atrofda yashil hovlilar, bolalar va sport maydonchalari, bepul avtoturargoh mavjud.Metro Chinor va Kipchok 10 daqiqalik piyoda, avtobus bekati 5 daqiqalik piyoda.Yaqin atrofda 37-poliklinika va bitta uyning orqasida 1-Kasalxona bor!Maktab va bolalar bog'chasi yurish imkoniyati !4 qavatli uy1-qavat alohida podval58 m2 yashash maydoni2-xonalar qayta ishlangan 3 xonaliBoyqush mebellari bilan oshxonaSan uzel alohidaShartnoma texnikasiYangi ta'mirlash,Qo'shnilar yaxshi,Juda sokin va qulay mahalla,Atrofda ko'plab do'konlar va dorixonalar mavjud,To'lov shakli naqd pul yoki ipoteka, shartnoma asosida!Seysmik SSSR kafolati!",,https://www.olx.uz/d/obyavlenie/kvartira-2-h-komnatnaya-2-xonali-kvartira-uy-ID3XBK9.html
Частное лицо,,,,,,,,,,,,,ОписаниеПродается 3 комнатная квартира в Юнусабаде 14 квартал 5 этаж локация очень удобная.,,https://www.olx.uz/d/obyavlenie/srochno-prodaetsya-3-h-komnatnaya-kvartira-v-yunusabade-14-kvartal-ID45Ytm.html
Частное лицо,,,,,,,,,,,,,ОписаниеСотиш учун 3 (уч) Учқудуқдаги 2 қаватли бинонинг 4-қаватида хона хона. Манзилда жойлашган 11 микрораён 19 уй.Ипотека билан сотиш мумкин.Продается 3 (трех) комнатная квартира на 2 этаже 4-х этажного дома в городе Учкудук. Расположенная по адресу 11 микрорайон 19 Дом.Возможно продажа в ИПОТЕКУ.,,https://www.olx.uz/d/obyavlenie/prodaetsya-3-h-komnatnaya-kvartira-v-uchkuduke-ID3JXh4.html
Бизнес,,,,,,,,,,,,,ОписаниеA0115Чилонзор Алгоритм4 хонали квартира 4 каватли домни 4чи этажидаРесторан Зархал ориентерКвартира файзли бозорлар иподром йонида бор96м285 000$99 394 36 66,,https://www.olx.uz/d/obyavlenie/4-honali-kvartira-sotiladi-chilonzor-algoritm-balkon-2h6-kapital-remont-ID3YloA.html
Частное лицо,,,,,,,,,,,,,"ОписаниеКвартира собственная,без маклер и риэлторских услугКвадратура: 142.кв.м2 напротив двушка соединены в одну огромнуюВ квартире остается вся кухонная гарнитура (уголок не входит)спальная мебель полностью остаетсяВ Квартире имеется маленькая кладовая,2 сан-узла,один прям в спальневторой для детей3Кондиционера,Аристон,Котел,теплый пол!Зимой нет проблем с отоплением,может в любое время сами регулировать температуру воды ,и отопления в квартирекирпичныйдом,год 20165 микрорайон,напротив сагдианы рублевкастоимость 65.000$Остальные подробности по номеру+998913115666+998918232343+998 90-998-02-57",,https://www.olx.uz/d/obyavlenie/prodaetsya-kvartira-v-pyatom-mikrarayone-ID468To.html
Бизнес,,,,,,,,,,,,,ОписаниеСвая !!!Район: ОлмазорКўча: КалановаМулжал: Тансикбоев-3Хоналар сони: 3/2/4Майдони: 65 квмҲолати: ЯхшиБалкон: 2х677 серияБаҳоси: 61000 $Қўнғироқ килинг:+998935072657,,https://www.olx.uz/d/obyavlenie/kvartira-sotiladi-olmazor-rayon-kucha-kalonova-3-2-4-65m2-ID452jE.html
Бизнес,,,,,,,,,,,,,"ОписаниеРайон: ШайхантахурОриентир: Мечеть Koh Ota, СебзарЖК Koh-OtaЗастройщик: Bazis-TКадастр: Есть2/3/8Квадратура: 67м2Евро ремонтПланировка: Раздельнаяс/у: 2 санузлаКирпичный домЦена: 100 000 у.е.Саида +998952258855",,https://www.olx.uz/d/obyavlenie/kvartira-v-novostroyke-koh-ota-2-3-8-67m2-evro-remont-sebzar-ID45Qms.html
Бизнес,,,,,,,,,,,,,Описание2 хонали2 етаж4 етажкали дом50 кв.мЮНУСОБОД  15 квартал Метро ТуркистонНархи 56 500 $,,https://www.olx.uz/d/obyavlenie/2-honali-kvartira-sotiladi-yunusobod-ID452jA.html
Бизнес,,,,,,,,,,,,,"ОписаниеЯккасарайский районЖК ""Prestige Gardens""Ул. ШОТА РУСТАВЕЛИДом Business Class2/13/14, 30м²С новым ремонтом.Никто не жил.Имеется большая детская площадка во дворе.И большой приватный паркинг.Охрана 24/7Есть возможность заселить арендатора за 700$ и сделать квартиру готовым бизнесом.Тел. +998930098886 Дмитрий",,https://www.olx.uz/d/obyavlenie/zhk-prestige-gardens-studiya-shota-rustaveli-ID452jy.html
Бизнес,,,,,,,,,,,,,"ОписаниеКвартира: 2в3/1/4 массив ЯлангачОбщая площадь: 45 м² (по кадастру)общее -65мТип: панельныйСанузел: РаздельныйМебель: Есть, по согласованиюПланировка: СмежнаяРемонт: Авторский проектИпотека: возможнаЦена: 63.000 у.е.Ориентир: рядом спорткомплекс ""Умид"", ЧимганЦена снижена!Срочно! Успейте купить по выгодной цене!Подробнее по телефону: +998975030670 Ангелина",,https://www.olx.uz/d/obyavlenie/srochno-prodaetsya-kvartira-2-v-3-1-4-massiv-yalangach-ID45rhZ.html
Бизнес,,,,,,,,,,,,,"ОписаниеЭЛИТНЫЙ КОМПЛЕКС""WISTON"" бизнес классаНиёзбек йули улица(ор.Ирригационный инстНовомосковская улицаМирзо Улугбекский район3/8/10; площадь 73м2Состояние: Евро ЛЮКСМебелью и ТЕХНИКОЙЦЕНА: 180.000у.е+998900070022",,https://www.olx.uz/d/obyavlenie/elitnyy-kompleks-wiston-biznes-klassa-irrigatsiya-institut-3-8-10-ID46fTU.html
Бизнес,,,,,,,,,,,,,ОписаниеНомер +998900071888Чиланзар 3 квартал Продается квартира1/3/4Ремонт: ЕвроОриентир: Клиника ЭстимедТип строения: ПанельПлощадь: 30м²Сан.узел: совмещеныйТёплый полТехника: ЕстьМебель: Есть,,https://www.olx.uz/d/obyavlenie/1-komnatnaya-chilanzar-3metro-m-ulugbek-ID46fTT.html
Бизнес,,,,,,,,,,,,,"ОписаниеУникальное предложение в престижном ЖК Solaris — Евро-Люкс на высоком этаже!Продается стильная и уютная двухкомнатная квартира с раздельной планировкой и дизайнерским евроремонтом ""под ключ"". Прекрасный вариант для комфортной жизни или выгодной аренды!Жилой комплекс: SolarisКадастр: естьПлощадь: 58 м²Комнат: 2Планировка: раздельнаяЭтаж: 8 из 10Состояние: Евро-Люкс, заходи и живиОриентир: улица Шота Руставели, район Кушбеги — транспорт, магазины, школы в шаговой доступности.Цена снижена: 91 500 у.е — не упустите шанс!Подробности по телефону:Данил — +998 77 101 00 18",,https://www.olx.uz/d/obyavlenie/zhk-solaris-2-komnatnaya-evroremont-pod-klyuch-na-yakkasarae-kushbegi-ID46fTS.html
Jismoniy shaxs,Yangi qurilgan uylar,2,65,4,20,Blokli,Aralash-alohida,Aralash,Ha,"Internet, Muzlatkich, Televizor, Konditsioner, Kir yuvish mashinasi, Oshxona","Kasalxona, poliklinika, Maktab, Bolalar maydonchasi, Bolalar bogʻchasi, Bekatlar, Park, yashil zona, Koʻngilochar muassasalar, Restoran, kafelar, turargoh, Supermarket, doʻkonlar",Yo’q,"TavsifАкай СитиЦена : 900Кол комнат : 2Квадратура : 65м2Этаж : 420 этажный домМебель, интернет, кондиционеры , посудомойка, холодильник два тв . Собственная квартира . Тел: 903200662",,https://www.olx.uz/d/oz/obyavlenie/akaj-siti-2-4-25-65-m2-evroremont-cena-1000-kol-vo-kom-ID466jH.html
Jismoniy shaxs,Ikkilamchi bozor,4,90.54,4,4,Panelli,Alohida ajratilgan,Alohida,Ha,"Internet, Telefon, Televizor, Konditsioner, Balkon","Kasalxona, poliklinika, Maktab, Bolalar maydonchasi, Bolalar bogʻchasi, Bekatlar, Park, yashil zona, Restoran, kafelar, turargoh, Supermarket, doʻkonlar",Yo’q,"TavsifПродается 4х-комнатная квартира в самом отличном районе Города Чирчика на 9 микрорайоне, на 4 ом этаже 4 этажного панельного дома, не торец! Система отоплением индивидуальная в своей квартире.Квартира в среднем состояние, зайти и жить можно, раздельный санузел, тихие соседи, около дома детские площадки, места для парковки автомобилей, магазины, аптеки, удобная траспортная развязка.Что самое удобное, в шаговой доступности есть все для комфортной жизни:- 3 садика (от 3ых до 5 минут)- 1 школа (5 минут)- 2 колледжа (от 6 до 12 минут)- Паспортный стол (от 6 до 12 минут)- Базар (от 9 до 12 минут)- Районная Поликлиника (от 7 до 10 минут)- Метро (нету)_Чирчиқ шаҳрининг энг яхши ҳудудларидан бири — 9-микроҳудудда жойлашган 4 хонали квартира сотилади. Квартира 4 қаватли панель уйнинг 4-қаватида жойлашган, охирги хона эмас (торцевой ЭМАС)! Ҳар бир хонадонда алоҳида иситиш тизими мавжуд.Квартира ўртача ҳолатда — дарров кўчиб кириб яшаш мумкин. Ҳожатхона ва ванна алоҳида. Қўшнилар тинч. Уй атрофида болалар майдончалари, автомашиналар учун тураргоҳ жойлари, дўконлар, дорихоналар ва қулай транспорт қатнови мавжуд.Энг муҳими — ҳар томонлама қулай ҳаёт учун керакли барча инфратузилма пиёда масофада жойлашган:- 3 та боғча (3 дақиқадан 5 дақиқагача йўл)- 1 та мактаб (5 дақиқа)- 2 та коллеж (6 дақиқадан 12 дақиқагача)- Паспорт столи (6 дақиқадан 12 дақиқагача)- Бозор (9 дақиқадан 12 дақиқагача)- Туман поликлиникаси (7 дақиқадан 10 дақиқагача)- Метро — мавжуд эмасИдеальная локация для Вашей семьи по выгодной цене!Бу — оилангиз учун идеал жойлашув ва маъқул нархдаги таклиф!Звоните сейчас : +998 99-862-58-26, +998 90-983-23-64",,https://www.olx.uz/d/oz/obyavlenie/srochno-prodayotsya-4yx-komnatnaya-kvartira-ID3idUu.html
Jismoniy shaxs,Yangi qurilgan uylar,3,83,3,9,Gʻishtli,Aralash-alohida,Alohida,Yoʻq,"Muzlatkich, Televizor, Kabelli TV, Kir yuvish mashinasi, Oshxona, Balkon","Kasalxona, poliklinika, Maktab, Bolalar maydonchasi, Bolalar bogʻchasi, Bekatlar, Park, yashil zona, Koʻngilochar muassasalar, Restoran, kafelar, turargoh, Supermarket, doʻkonlar",Yo’q,TavsifЕшонгузар ситйда йенги ремонт боган дом сотилади дом озимники маклермасман озимизга яшаш учун ремонт килинган еди пулига келишсак кухня бытовой техника бонус.1. Полный евро ремонт теплый пол2. двухсторонний лифт3.Камера наблюдения3 етаж 3 хона санузел туалет балконКАДАСТР БОР83 м2,,https://www.olx.uz/d/oz/obyavlenie/novyj-elitnyj-dom-eshonguzar-city-3-3-9-ID3LYdT.html
Biznes,Yangi qurilgan uylar,1,35,1,7,Gʻishtli,Alohida ajratilgan,Aralash,Ha,,,Bor,TavsifХоналар сони: #1хКават:1Уйнинг каватлар сони:7Манзил: Сахарная больницаКурилиш тури:КирпичныйХоналар жойлашуви:АлохидаУмумий майдони:35квХолати:ЕвроНархи:27.500$Тел:97-309-88-38 / 91-979-7447,,https://www.olx.uz/d/oz/obyavlenie/1-xonalik-kvartira-1-etazh-yangi-dom-saxarnyj-bolnica-ID3Tf4T.html
Biznes,Yangi qurilgan uylar,4,130,7,13,,,,Yoʻq,,,Yo’q,Tavsif#ЯккасарайНовостройкаЖК: ХилмарОриентир: Кушбеги мостХарактеристики:• Комнат: 4• Площадь: 130 м²• Этаж: 7 из 13• Состояние: С ремонтом+Цена: 135 000 у.е.Подробнее по телефону: +998998616101,,https://www.olx.uz/d/oz/obyavlenie/srochnaya-prodazha-yakkasarajskij-rajon-ID452jn.html
Jismoniy shaxs,Yangi qurilgan uylar,2,4,1,1,,,Aralash,Yoʻq,"Kabelli TV, Internet, Oshxona","Bolalar maydonchasi, Restoran, kafelar, Kasalxona, poliklinika, Maktab, Park, yashil zona, Bekatlar, Supermarket, doʻkonlar, Bolalar bogʻchasi, turargoh",Yo’q,"TavsifЮкоричирчик туман Ортасарой махаллачи, 4 сотикли 2хонали катеж, сув, электр, газ хамаси бор, уй махалани марказида светофор олдида 1-уй.срочна сотиладинарх 65.000$",,https://www.olx.uz/d/oz/obyavlenie/srochno-prodayotsya-ID3EjLE.html
Biznes,Ikkilamchi bozor,2,66,8,9,Panelli,Alohida ajratilgan,Alohida,Ha,,,Yo’q,"Tavsif#2комнатнаяПродается квартира(Ойбек метро, #КунаеваГостиница Россия)2*3/8/9 панельПлощадь: 66м2Состояние: Евро ремонтУкомплектована/новаяМебелью и ТЕХНИКОЙЦЕНА:  132.000.у.е+998950984477",,https://www.olx.uz/d/oz/obyavlenie/kunaevo-2v3-komnatnaya-s-evro-remontom-66m2-ID46fTD.html
Biznes,Yangi qurilgan uylar,5,183,2,8,Gʻishtli,Alohida ajratilgan,2 va undan koʻp sanuzel,Ha,,,Yo’q,"TavsifМирабадский районГАБУСОриентир: Российское посольство, Бывшее ГАИ ГлинкаКомнат: 5Этаж: 2Этажность: 8Площадь: 183м2Потолоки: 3.70Состояние: с ремонтомВ квартире есть:2 совмещенных санузла (туалеты с ванной и душевой кабиной)3 кондиционера2 ниши для вещейгардеробнаяДва (2) парковочных места (крытое и открытое)Везде теплый полСвоя отдельная котельнаяИмеется отдельная кладоваяТолщина дома: 2 (два) кирпичаИмеется балкон из спальни (благоустроенный)Охраняемая зонаЛифт с кодомОтапливаемый подъездНа территории есть мини футбольное поле, детская площадка.Цена: 340.000 у.е торг уместенТел: +998500404257Написать мне в телеграмм: RieltRizvanhttps://t.me/Kvartira_centr_Tashkent",,https://www.olx.uz/d/oz/obyavlenie/mirabadskij-r-n-gabus-5-komnatnaya-kvartira-ID46fTB.html
Biznes,Yangi qurilgan uylar,1,41,1,4,Gʻishtli,,Aralash,Ha,"Telefon, Kabelli TV, Internet, Konditsioner, Televizor, Oshxona, Muzlatkich, Kir yuvish mashinasi","Bolalar maydonchasi, Maktab, Koʻngilochar muassasalar, Kasalxona, poliklinika, Supermarket, doʻkonlar, Park, yashil zona, Bekatlar, turargoh, Bolalar bogʻchasi, Restoran, kafelar",Yo’q,TavsifТел: 997643233Чиланзар 3 кварталНовостройкаОриентир Метро Хамза 400 метров от дома1/1/4Тип строения КирпичныйОбщая площадь 41м2Сан.узел СовмещёныйЕвроремонтМебель ДаТехника ДаЦена 69000,,https://www.olx.uz/d/oz/obyavlenie/novostrojka-metro-novza-1-1-4-chilanzar-3-kvartal-meb-tex-ID452jg.html
Biznes,Ikkilamchi bozor,4,80,5,5,Panelli,,,Ha,,,Yo’q,TavsifП Р О Д А Ж ААдрес : Согдиана ул Абу Бакр Розии 25 дом .Этаж : 5Этажность дома: 5Комнат :  4Продается частично с мебельюЦена : 55.000$Тел : 90 453 97 47,,https://www.olx.uz/d/oz/obyavlenie/prodaetsya-4-5-5-v-sogdiana-do-relsov-ID41Ozl.html
Jismoniy shaxs,Ikkilamchi bozor,2,58,5,5,Panelli,Alohida ajratilgan,Alohida,Yoʻq,,"Bolalar bogʻchasi, Maktab, Restoran, kafelar, Bolalar maydonchasi, Kasalxona, poliklinika, Supermarket, doʻkonlar, Bekatlar",Yo’q,"TavsifПродаётся 2х комнатная кварира в Мирзо Улугбекском районе массив Корасу 1 2/5/5,балкон 2 на 6 без ремонта",,https://www.olx.uz/d/oz/obyavlenie/prodayotsya-2x-komnatnaya-kvarira-bez-remonta-ID3gOQz.html
Biznes,Ikkilamchi bozor,2,55,4,5,,,,Yoʻq,,,Yo’q,"TavsifSotuvda 2 xonali kvartira | Buyuk Ipak Yo‘liJoylashuv: Buyuk Ipak Yo‘li, Maksim Gorkiy bekati yaqinidaHolati: YaxshiXususiyatlari:Qavat: 4 / 5Umumiy maydon: 55 m²Xonalar: 2 taBalkon: 2x6Qurilish turi: G‘ishtliNarxi: 70000 dollarIpoteka: MumkinMo‘ljal: Maksim Gorkiy metro bekati, Biy bozoriBog‘lanish: +998 97 342 54 44 — BakhytbekHavola: https://t.me/BahutRealtor#МирзоУлугбек #2хона #ипотека---Продается 2 комнатная квартира | Буюк Ипак ЙулиЛокация: Буюк Ипак Йули, рядом с метро Максим ГорькийСостояние: ХорошееХарактеристики:Этаж: 4 / 5Общая площадь: 55 м²Комнат: 2Балкон: 2x6Дом кирпичныйЦена: 70000 долларовИпотека возможнаОриентир: метро Максим Горький, рынок БийКонтакт: +998 97 342 54 44 — БахытбекСсылка: https://t.me/BahutRealtor#MirzoUlugbek #2комнаты #ипотека",,https://www.olx.uz/d/oz/obyavlenie/bij-2-4-5-ipoteka-ID45Qm3.html
Biznes,Yangi qurilgan uylar,2,42,1,8,Gʻishtli,Alohida ajratilgan,Aralash,Ha,"Internet, Muzlatkich, Televizor, Kabelli TV, Kir yuvish mashinasi, Oshxona","Kasalxona, poliklinika, Bolalar maydonchasi, Bolalar bogʻchasi, Bekatlar, Park, yashil zona, Koʻngilochar muassasalar, Restoran, kafelar, turargoh, Supermarket, doʻkonlar, Maktab",Yo’q,Tavsif#Яшнабот тумани иззат кочасидаАрентр водаканалСрочно сотилади2/1/8 42м2 Гиштли домРемонт янги полни топлипол йоткизилган ичда мебель+техникалари коладиТел 939261219,,https://www.olx.uz/d/oz/obyavlenie/yashnabot-zhk-aziya-xaus-prodazha-ID45QlV.html
Jismoniy shaxs,Yangi qurilgan uylar,2,63,3,11,Gʻishtli,Alohida ajratilgan,Aralash,Ha,"Internet, Telefon, Muzlatkich, Kabelli TV, Oshxona","Kasalxona, poliklinika, Maktab, Bolalar maydonchasi, Bolalar bogʻchasi, Bekatlar, Park, yashil zona, Koʻngilochar muassasalar, Restoran, kafelar, turargoh, Supermarket, doʻkonlar",Yo’q,TavsifSebzor novostroyka 2 xona + studiya 3 etaj SROCHNO  !!!Yosh oilaga va arendaga berishga eng zor variantToshkent markariSebzor nurafshon kocha (rivera)Novstroyka 100 % gishti domKadastr bor 100 %Lift zor ishlidiEvro remont tayyor yangi uyMebel texnika borTopliy pol 100 % + radiator + katyol 2 kontr + ariston borGaz suv svet bor !Srochna sotiladi87 500 $Tel: 990814444,,https://www.olx.uz/d/oz/obyavlenie/sebzor-2-xona-studia-xaytek-lyuks-novostroyka-ID45tyb.html
Biznes,Yangi qurilgan uylar,3,85,8,10,Gʻishtli,,2 va undan koʻp sanuzel,Ha,,,Yo’q,"TavsifБуюк ипак йули м. новостройка ЖК Silk road , 85 кв, уникальная квартира, в которой есть все необходимое для комфортной жизни!!! В квартире 2 санузла, гардеробная, укомплектована бытовой техникой, открытая терасса. Посудомоечная  машина в подарок! Закрытый двор, охрана 24/7, детские площадки. Квартира  вашей мечты  ждёт вас, не упустите  свой шанс стать владельцем стильной и современной квартиры в одном из самых удобных  и востребованных районов города!",,https://www.olx.uz/d/oz/obyavlenie/3-kom-buyuk-ipak-juli-m-ID3XUJo.html
Jismoniy shaxs,Yangi qurilgan uylar,2,52,8,9,Monolitli,Alohida ajratilgan,Aralash,Ha,"Internet, Muzlatkich, Televizor, Konditsioner, Kabelli TV, Kir yuvish mashinasi, Oshxona, Balkon","Kasalxona, poliklinika, Maktab, Bolalar maydonchasi, Bolalar bogʻchasi, Bekatlar, Park, yashil zona, Koʻngilochar muassasalar, Restoran, kafelar, turargoh, Supermarket, doʻkonlar",Yo’q,"TavsifСРОЧНО!!!2/8/9Продается отличная, двухкомнатная квартира, площадью 52 м2.Расположена на восьмом этаже, в новом доме.С новым евро-ремонтом, дорогой мебелью и бытовой техникой.Стиль Лофт, делали для себя.Идеально, как для жизни, так и для сдачи в аренду. (от 500 У.Е.)В каждой комнате по одному балкону.Окна в пол.Из панорамных окон, открывается рекрасный вид.Летом прохладно и всегда свежий воздух.Закрытый охраняемый двор, с мангалом и зоной барбекю.Перебоев со светом не наблюдалось.Транспорт, магазины, кафе, школа, все в шаговой доступности.Идеальное соотношение цены и качества.Если объявление есть, значит актуально.+998 99 472 13 70",,https://www.olx.uz/d/oz/obyavlenie/zhk-riverside-riversajd-svoya-bez-agentov-2-8-9-evpo-vsyo-novoe-ID45UPu.html
Biznes,Ikkilamchi bozor,4,110,1,1,Gʻishtli,Alohida ajratilgan,Alohida,Ha,"Internet, Telefon, Muzlatkich, Televizor, Kabelli TV, Kir yuvish mashinasi, Oshxona, Balkon","Kasalxona, poliklinika, Maktab, Bolalar maydonchasi, Bolalar bogʻchasi, Bekatlar, Koʻngilochar muassasalar, Restoran, kafelar, turargoh, Supermarket, doʻkonlar",Bor,TavsifТошкент вилояти Зангиота туман назарбекда 4 хона 1.2 сотих янги тамирланган.Банк оркали хам берилади.Нархи 65000Телефон 773770002,,https://www.olx.uz/d/oz/obyavlenie/nazarbekda-4-xonali-1-2-stix-xovlicha-nazarbek-mostidan-5-km-ID3VhhM.html
Biznes,Yangi qurilgan uylar,2,60,3,7,Gʻishtli,Alohida ajratilgan,Alohida,Ha,"Internet, Telefon","Restoran, kafelar, Bolalar bogʻchasi, turargoh, Bekatlar, Supermarket, doʻkonlar, Park, yashil zona, Kasalxona, poliklinika, Koʻngilochar muassasalar, Maktab, Bolalar maydonchasi",Bor,"TavsifSergeli 9 hududNovostroyka2/3/7 ,60 kvadratG’ishtli domXonalari alohida3 metro 1 km57500$+998990460016",,https://www.olx.uz/d/oz/obyavlenie/sergeli-9-hudud-novostroyka-2-3-7-60-kv-57500-ID452j0.html
Biznes,Ikkilamchi bozor,4,100,2,9,,Alohida ajratilgan,,Ha,,"Kasalxona, poliklinika, Maktab, Bolalar maydonchasi, Bolalar bogʻchasi, Bekatlar, Park, yashil zona, Koʻngilochar muassasalar, Restoran, kafelar, turargoh, Supermarket, doʻkonlar",Yo’q,TavsifПродаётся 4 комнатная переделанная в 3-х комнатную 100м²В отличном состоянииЯккасарайский район улица БабураПодробная информация +998903716922,,https://www.olx.uz/d/oz/obyavlenie/4-komnatnaya-100m-yakkasaraj-ulica-babura-ID42aH9.html
Jismoniy shaxs,Yangi qurilgan uylar,3,75,1,8,Gʻishtli,Aralash,Aralash,Ha,"Muzlatkich, Televizor, Konditsioner, Kir yuvish mashinasi, Oshxona",,Bor,TavsifНОВОСТРОЙКА 3/1/8Ул.РудакийОриентир «Бриллиант сити»Комнат: 3Этаж: 1Этажность: 8Общая площадь: 75м2Лифт имеется!Кадастр имеется!Состояние: С евро ремонтом! «2-х контурный котел полностью теплый пол» с техникой GoodWell.ЦЕНА: 83.000 $Торг имеется!Подробная информация по телефону:+998973944455,,https://www.olx.uz/d/oz/obyavlenie/prodaetsya-kvartira-novostrojka-3-komnaty-1-etazh-75-m2-ul-rudakij-ID46fTi.html
Biznes,Yangi qurilgan uylar,4,140,1,5,Gʻishtli,Alohida ajratilgan,Alohida,Ha,,,Bor,TavsifХоналар сони: #2х + #2хкават:1Уйнинг каватлар сони:5Манзил:6-мкр 32-мактабКурилиш тури:КирпичныйХоналар жойлашуви:Алохида/ДублексУмумий майдони:70 кв + 70 кв ПодвалХолати:евро ремонтНархи:64.900$Тел:91-246-7447 / 91-979-7447,,https://www.olx.uz/d/oz/obyavlenie/4-xonalik-2-2-kvartira-1-etazh-podval-yangi-dom-6-mikr-32-maktab-ID42I3K.html
Jismoniy shaxs,Ikkilamchi bozor,3,72,2,4,Gʻishtli,Alohida ajratilgan,Alohida,Ha,"Internet, Konditsioner, Oshxona, Balkon","Kasalxona, poliklinika, Maktab, Bolalar maydonchasi, Bolalar bogʻchasi, Bekatlar, Park, yashil zona, Koʻngilochar muassasalar, Restoran, kafelar, turargoh, Supermarket, doʻkonlar",Yo’q,TavsifПродается квартира 3х ком 72кв мБез ремонта с мебелью  2балкона две кладовые дом кирпичный 4этажка на втором этаже . не серьезным не беспокоитьБектемирский район улица Олтин топкан,,https://www.olx.uz/d/oz/obyavlenie/prodaetsya-kvartira-3x-komnatnaya-ID44AYM.html
Biznes,Ikkilamchi bozor,3,77,3,4,Gʻishtli,Alohida ajratilgan,Alohida,Yoʻq,,"Restoran, kafelar, Bolalar bogʻchasi, Bekatlar, Park, yashil zona, Kasalxona, poliklinika, Koʻngilochar muassasalar, Maktab, Bolalar maydonchasi",Yo’q,"TavsifПРОДАЁТСЯШота РуставелиОр-р: Океан напротив Modera TowerДвор ЗакрытыйКомнат: 3Этаж: 3Этажность дома: 5Площадь: 77кв.м по кадаструЕВРО Ремонт С Мебелью и ТехникойЕсть открытый Балкон/ Двухсторонняя квартираСвой гараж с кадастромВ квартире: сигнализация, камеры по периметру.Подъезд чистый аккуратныйЦена: 123.000$ торг уместенТел +998900070022",,https://www.olx.uz/d/oz/obyavlenie/prodazha-shota-rustaveli-or-r-okean-naprotiv-modera-tower-3-3-5-77m2-ID46fTd.html
Jismoniy shaxs,Yangi qurilgan uylar,2,40,9,9,,Alohida ajratilgan,Aralash,Ha,,,Yo’q,TavsifYunusobod tumani Abdulla Kadiriy kochasi40 kv m,,https://www.olx.uz/d/oz/obyavlenie/sotaman-ozimni-ujim-ID46fTb.html
Jismoniy shaxs,Yangi qurilgan uylar,1,2,2,5,Gʻishtli,Aralash-alohida,2 va undan koʻp sanuzel,Ha,"Telefon, Kabelli TV, Internet, Konditsioner, Televizor, Oshxona, Muzlatkich, Kir yuvish mashinasi",,Bor,TavsifKvartira sotiladi  hamma sharoitga ega 1  1-xonalik 42 km2 Manzil Guliston most mostdan o'tib 61 avto bazaga bormasdan yo'l yoqasida narxi 32000 aqsh dollars kelishamiz 902994635,,https://www.olx.uz/d/oz/obyavlenie/kvartira-sotiladi-ID3Kg5v.html
Biznes,Ikkilamchi bozor,2,58,2,9,Monolitli,Alohida ajratilgan,Alohida,Ha,"Telefon, Kabelli TV, Internet, Konditsioner, Balkon, Televizor, Oshxona, Muzlatkich, Kir yuvish mashinasi","Bolalar maydonchasi, Maktab, Koʻngilochar muassasalar, Kasalxona, poliklinika, Supermarket, doʻkonlar, Park, yashil zona, Bekatlar, turargoh, Bolalar bogʻchasi, Restoran, kafelar",Yo’q,TavsifЧиланзар 20А2\2\9С ремонтомРазделкаПлощадь 58м²Ориентир Хамкор БанкЦена 60.500$,,https://www.olx.uz/d/oz/obyavlenie/razdelka-58m-chilonzor-20a-2-2-9-kvartira-sotiladi-ID452iu.html
Jismoniy shaxs,Ikkilamchi bozor,2,34.36,4,4,Gʻishtli,Alohida ajratilgan,Aralash,Yoʻq,"Internet, Kabelli TV, Oshxona","Kasalxona, poliklinika, Maktab, Bolalar maydonchasi, Bolalar bogʻchasi, Bekatlar, Park, yashil zona, Koʻngilochar muassasalar, Restoran, kafelar, turargoh, Supermarket, doʻkonlar",Yo’q,"TavsifСРОЧНО продается 2-х комнатная квартира в районе Сергели, массив куйлюк-5, ремонт недавно закончили, чистая квартира, 4этажный кирпичный дом, стартовая цена договорная 31000$. Квартира своя не маклер.TEZ sotiladi 2-x xonalik uy, Sergeli tumani Massiv-5 mavze, yaqinda remontdan chiqdi uy tozza, 4-etajlik g'isht uy, boshlang'ich narx 31000$ kelishiladi. Uy o'zimniki maklersiz.",,https://www.olx.uz/d/oz/obyavlenie/srochno-prodaetsya-2-x-komnatnaya-kvartira-ID45VA8.html
Biznes,Ikkilamchi bozor,2,50,4,4,Panelli,Alohida ajratilgan,Alohida,Ha,"Internet, Muzlatkich, Televizor, Konditsioner, Kabelli TV, Oshxona, Balkon","Kasalxona, poliklinika, Maktab, Bolalar maydonchasi, Bolalar bogʻchasi, Bekatlar, Park, yashil zona, Koʻngilochar muassasalar, Restoran, kafelar, turargoh, Supermarket, doʻkonlar",Yo’q,TavsifСотилади Чилонзор 14 каватл2/4/4  панельный50 кв.м + балкон 9 кв .мЖихози БиланПродается квартира в чиланзаре 14 квартал50 КВ м жилой + 9 квм балкон2/4/4 дом панельныйПродается с мебелью,,https://www.olx.uz/d/oz/obyavlenie/sotiladi-prodaetsya-chilonzor-14-kvartal-2-4-4-50-kv-m-balkon-9-kv-m-ID467AW.html
Biznes,Ikkilamchi bozor,2,40,1,4,Panelli,,,Ha,"Internet, Muzlatkich, Konditsioner, Kabelli TV, Kir yuvish mashinasi, Oshxona, Balkon","Kasalxona, poliklinika, Maktab, Bolalar maydonchasi, Bolalar bogʻchasi, Bekatlar, Park, yashil zona, Koʻngilochar muassasalar, Restoran, kafelar, turargoh, Supermarket, doʻkonlar",Yo’q,Tavsif2/3 xona qilingan yo’lni yuzasida metrogacha piyoda 3-4mnutli yo’l. Qolgan ma’lumotni pasdagi raqam orqali bilishingiz mumkinTel: +998 88-035-97-24,,https://www.olx.uz/d/oz/obyavlenie/2-3-xona-qilingan-sotiladi-ID46bBe.html
Biznes,Yangi qurilgan uylar,6,126,7,8,Gʻishtli,Koʻp darajali,2 va undan koʻp sanuzel,Yoʻq,"Internet, Telefon, Kabelli TV, Balkon","Kasalxona, poliklinika, Maktab, Bolalar maydonchasi, Bolalar bogʻchasi, Bekatlar, Park, yashil zona, Koʻngilochar muassasalar, Restoran, kafelar, turargoh, Supermarket, doʻkonlar",Yo’q,"TavsifПродается: 6-комнатная квартира-дуплекс в ЖК Palazzo (Мирзо-Улугбекский район)Представляем к продаже просторную 6-комнатную квартиру-дуплекс в жилом комплексе Palazzo от застройщика Grand Capital. У этой квартиры есть кадастр, что гарантирует юридическую чистоту и безопасность сделки.Обзор квартирыКомнаты: 6, что идеально подходит для большой семьи или тех, кто ищет максимум пространства.Этаж: Расположена на 7-м и 8-м этажах 8-этажного кирпичного дома. Это дуплекс – двухуровневая квартира, предлагающая ощущение частного дома в многоквартирном комплексе.Площадь: Внушительные 126 м², предоставляющие огромный простор для реализации ваших дизайнерских идей.Ремонт: Квартира продается в состоянии черновой отделки. Это идеальный вариант для тех, кто хочет создать интерьер своей мечты с нуля, выбирая все материалы и дизайн по собственному вкусу.Санузлы: 2 санузла значительно повышают удобство для всех проживающих.Тип строения: Дом кирпичный, что обеспечивает отличную тепло- и звукоизоляцию, а также долговечность конструкции.МестоположениеЖилой комплекс Palazzo находится в Мирзо-Улугбекском районе, в районе с развитой инфраструктурой. Среди ключевых ориентиров:Улица Ахмада ЮгнакиМестный рынокМикрорайон ТТЗЭти ориентиры указывают на удобное расположение с легким доступом к торговым точкам и жилым массивам.ЦенаСтоимость данной квартиры составляет 82 010 у.е.Контактная информацияДля получения дополнительной информации или организации просмотра, пожалуйста, свяжитесь с Равшаном по телефону: +99877 2533300.Эта просторная 6-комнатная квартира-дуплекс ждет своего нового владельца. Готовы создать дом вашей мечты?",,https://www.olx.uz/d/oz/obyavlenie/mirzoulugbekpalazzo-5-6k-kvartira-dupleks-korobka-axmadayunaki-ttz-ID45Qlz.html
Jismoniy shaxs,Yangi qurilgan uylar,1,45,4,5,Gʻishtli,Studiya,Aralash,Ha,"Konditsioner, Internet, Oshxona, Kabelli TV","Maktab, Supermarket, doʻkonlar, Park, yashil zona, Kasalxona, poliklinika, turargoh, Bekatlar, Bolalar bogʻchasi, Restoran, kafelar, Bolalar maydonchasi, Koʻngilochar muassasalar",Yo’q,"TavsifСтудия дизайнерский, квартира своя, Ввод есть, готова для нотариуса, 43кв,4 этаж.Вся техника,строй материалы, оборудование НЕ ДЕШЁВЫЕ.В квартире  имеется тёплый  пол.Пожалуйста,  звоните строго по делу.адрес: 5 микрорайон Богдаш.",,https://www.olx.uz/d/oz/obyavlenie/kvartira-lyuks-studiya-ID3Fnym.html
Jismoniy shaxs,Yangi qurilgan uylar,2,46,2,7,Gʻishtli,Aralash-alohida,Aralash,Ha,"Internet, Telefon, Muzlatkich, Televizor, Konditsioner, Kabelli TV, Kir yuvish mashinasi, Oshxona, Balkon","Kasalxona, poliklinika, Bolalar maydonchasi, Bolalar bogʻchasi, Bekatlar, Park, yashil zona, Koʻngilochar muassasalar, Restoran, kafelar, turargoh, Supermarket, doʻkonlar, Maktab",Bor,"TavsifПродаю свою 2 комнатную квартиру 46 квадрат 2 этаж, новостройка рядом метро, школа, садик, продуктовый рынок, авто рынок, поликлиника, бассейн все доступноЦена 51 000$ договорная97 442 04 09",,https://www.olx.uz/d/oz/obyavlenie/prodaetsya-2kom-kvartira-sergeli-6a-kvartal-ID46fSO.html
Biznes,Ikkilamchi bozor,3,72,3,3,Gʻishtli,Alohida ajratilgan,Alohida,Ha,"Internet, Telefon, Oshxona, Balkon",,Yo’q,TavsifПродаю 3 ком квартира на 3 этаже 3 этажного дома. Квартира в чистый хорошей состоянии можно зайти жить обш плошдь 72 кв. Комната разделение санузел разделение есть балкон. Подробности по телефону звоните.99 8097771.,,https://www.olx.uz/d/oz/obyavlenie/prodayu-3-kom-kvartira-na-3-etazhe-3-etazhnogo-doma-dubovyj-ID3ZCrq.html
Biznes,Ikkilamchi bozor,1,20,4,4,Gʻishtli,,Aralash,Ha,"Internet, Muzlatkich, Televizor, Konditsioner, Kabelli TV, Kir yuvish mashinasi, Oshxona","Kasalxona, poliklinika, Maktab, Bolalar maydonchasi, Bolalar bogʻchasi, Bekatlar, Park, yashil zona, Koʻngilochar muassasalar, Restoran, kafelar, turargoh, Supermarket, doʻkonlar",Yo’q,"TavsifПродаётся 1 комнатная 20м²Семейное общежитие с условиямиСанузел совмещён внутриИмеется мебель и бытовая техника, холодильник, кондиционер, стиральная машина, телевизор.После ремонтаПодробная информация по телефону +998903716922",,https://www.olx.uz/d/oz/obyavlenie/shota-rustaveli-orientir-askiya-bazar-1-komnatnaya-20m-ID42naz.html
Biznes,Yangi qurilgan uylar,1,49.90,8,16,Monolitli,,,Yoʻq,Balkon,"Kasalxona, poliklinika, Maktab, Bolalar maydonchasi, Bolalar bogʻchasi, Bekatlar, Park, yashil zona, Koʻngilochar muassasalar, Restoran, kafelar, turargoh, Supermarket, doʻkonlar",Yo’q,"TavsifЖК «Туркистан» — это современный жилой комплекс в стиле хай-тек с базальтовым фасадом по привлекательным ценам с широким выбором больших и маленьких квартир!Жилой комплекс будет включать в себя 16 этажный дом с 8 подъездами, в каждом из которых будет просторная лестничная площадка с двумя бесшумным лифтами. Общая площадь комплекса составляет 70 соток, а площадь застройки — 30 соток.ЖК «Туркистан» предоставит квартиру на любой вкус, от однокомнатных, при этом просторных квартир до 5-комнатных квартир, каждая из которых станет уютным и просторным домом с высокими потолками.В каждой квартире будут установлены:- Входная дверь- Пластиковые окна- Межкомнатные перегородки- Пол и потолок монолит- Коммуникации (стояки, счётчики).Также на территории ЖК «Туркистан» будут доступны подземная и наземная автостоянки с перегородками (240 мест и 70 мест).Более того, каждая квартира будет иметь балкон шириной в 1,20 см.Можете приобрести в рассрочку до 30 месяцевСдача комплекса запланирована на 4 квартал 2026 года.Звоните+998994674499 Влад",,https://www.olx.uz/d/oz/obyavlenie/odnokomnatnaya-kvartira-49-9m2-33-600-ID452ij.html
Biznes,Ikkilamchi bozor,3,72,7,9,Panelli,Alohida ajratilgan,,Ha,,,Yo’q,"TavsifВТОРИЧКА 3/7/9 ОЙБЕКор-р кафе ""ТОЧКА вкусаРядом гостиница РоссияМИРАБАДСКИЙ районФранцузская плани-каПлощадь: панель 75м2Состояние: Евро ЛЮКСУкомплектована/новаяМебелью и ТЕХНИКОЙЦЕНА: 149.000у.е+998332092929+998909553948",,https://www.olx.uz/d/oz/obyavlenie/prodayotsya-kvartira-3-7-9-vtorichka-ajbek-gost-rossiya-evro-ID45rhf.html
Biznes,Ikkilamchi bozor,2,48,4,4,Panelli,Aralash,Alohida,Ha,"Internet, Telefon, Muzlatkich, Televizor, Konditsioner, Kabelli TV, Kir yuvish mashinasi, Oshxona, Balkon","Kasalxona, poliklinika, Maktab, Bolalar maydonchasi, Bolalar bogʻchasi, Bekatlar, Park, yashil zona, Koʻngilochar muassasalar, Restoran, kafelar, turargoh, Supermarket, doʻkonlar",Yo’q,"TavsifПродажа 2в3/4/4 массив ФерузаМирзо Улугбекский районПеределана в 3 комнатную квартируКвартира с ремонтомКомнаты смежныеСанузел раздельныйБалкон 1,5х3мПлощадь: 48 кв/мОриентир: 223-школа, 221-школаЦена: 47.000 уеПодробная Информация По Телефону:983355797",,https://www.olx.uz/d/oz/obyavlenie/prodazha-2v3-4-4-feruza-ekobazar-s-evroremontom-47-000ue-balkon-1-5x3-ID44STT.html
Biznes,Ikkilamchi bozor,3,72,2,5,Gʻishtli,Alohida ajratilgan,Aralash,Yoʻq,"Telefon, Internet, Balkon, Oshxona, Konditsioner","Bolalar maydonchasi, Maktab, Koʻngilochar muassasalar, Kasalxona, poliklinika, Supermarket, doʻkonlar, Park, yashil zona, Bekatlar, turargoh, Bolalar bogʻchasi, Restoran, kafelar",Yo’q,TavsifПродаю 3 ком квартира на 2 этаже 5 этажного дома. Квартира в чистый хорошей состоянии можно зайти жить комната разделение прихожка квадратных балкон 2×6. Место расположен хорошей орентыр базар Кадышва. Подробности по телефону звоните 998 99 809-77-71.,,https://www.olx.uz/d/oz/obyavlenie/prodayu-3-kom-kvartira-na-2-etazhe-5-etazhnogo-doma-aviosozlar-2-ID452ie.html
Biznes,Yangi qurilgan uylar,2,47,11,13,,,,Ha,,,Yo’q,TavsifНОВОСТРОЙКА 2/11/13ЖК MEGA TOWERЮнусабадский районОриентир Mega PlanetПлощадь: 47м2Состояние: евроремонтМебель и техникаЦЕНА: 70 000 у.е. Без торга СРОЧНО+998978770077 Алексей,,https://www.olx.uz/d/oz/obyavlenie/srochno-novostrojka-yunusabad-13kv-1-kom-47m2-evrolyuks-ID45rha.html
Jismoniy shaxs,Ikkilamchi bozor,3,68,3,4,Panelli,Alohida ajratilgan,Alohida,Ha,"Internet, Telefon, Muzlatkich, Televizor, Konditsioner, Kabelli TV, Kir yuvish mashinasi, Oshxona, Balkon","Kasalxona, poliklinika, Bolalar maydonchasi, Bolalar bogʻchasi, Bekatlar, Park, yashil zona, Koʻngilochar muassasalar, Restoran, kafelar, turargoh, Supermarket, doʻkonlar",Yo’q,TavsifЧилонзор 18 квартал3/3/4Евро ремонтБарча мебель техникалари билан,,https://www.olx.uz/d/oz/obyavlenie/chilonzor-tumani-18-kvartlda-3-3-4-kvartira-sotiladi-ID45vbb.html
Jismoniy shaxs,Ikkilamchi bozor,2,55,1,4,Gʻishtli,Alohida ajratilgan,Aralash,Yoʻq,Internet,"Maktab, Bolalar bogʻchasi, Restoran, kafelar, turargoh, Supermarket, doʻkonlar",Yo’q,TavsifПродаётся 2х ком квартира сокольный этаж полуподвал есть двухконтурный котёл кухонная мебель тёплый пол и кладовка под леснитсей,,https://www.olx.uz/d/oz/obyavlenie/prodayotsya-polupodval-ID458lR.html
Jismoniy shaxs,Ikkilamchi bozor,3,70,9,9,Panelli,Alohida ajratilgan,Alohida,Ha,,"Kasalxona, poliklinika, Maktab, Bolalar bogʻchasi, Bekatlar, Restoran, kafelar, Supermarket, doʻkonlar",Yo’q,"TavsifКвартира 3/9/9Без ремонтаЧиланзарский   район , 24 кварталОриентир: бывший кинотеатр ВатанТел: +998903214097+998909908094",,https://www.olx.uz/d/oz/obyavlenie/3x-komnatnaya-kvartira-ID43Cwz.html
Biznes,Yangi qurilgan uylar,2,47.10,11,16,Monolitli,Alohida ajratilgan,Aralash,Yoʻq,Balkon,"Maktab, Bekatlar, Restoran, kafelar, turargoh",Yo’q,"TavsifTURKISTON AVENUE турар-жой мажмуаси, 3-босқич100% tolovda 381.321.600 12% skitka bn433.320.000 opshi summa108.330.000 25% boshlangʻich tolov8.124.750 40 oyga boʻlib tolashУй класи: КомфортБўлиб тўлаш муддати: 40 ойгачаБошланғич тўлов: 25% данТўхташ жойи: Ер ости (200 ўрин)Тўхташ жойи: Ер усти (100 ўрин)Топшириш муддати: 2028-йил II чоракҚаватлар сони: 16 қаватШифт баландлиги: 2,9 мҲовли жиҳозланиши:Кириш эшигиТашқи ойна блоклариДевор бўлимлариЁпиқ таъмир ишлариЎрнатилган ҳисоблагичларАсосий қурилиш материаллари: монолит каркас, газоблок тўлдириш, монолит устки ёпмалар.Мажмуа тузилиши: 16 қават, 5 блок, 10 кириш жойи.Жами майдони: 1 гектар.",,https://www.olx.uz/d/oz/obyavlenie/navastroykadan-2-xona-47m2-bosh-tolov-25-bilan-40-oyga-xarid-qilin-ID419q8.html
Biznes,Yangi qurilgan uylar,1,29.50,8,16,Monolitli,,Aralash,Yoʻq,,,Yo’q,TavsifТуркистон авеню турар жой мажмуасида янги  Катлаван сотуви очилди ва янги акция бошланди хонадон харид килиб 2 чи хонадонни совга сифатида ютиб олиш29 м2 дан 100 м2 гача хонадонлар сотиб олишингиз мумкинБошлангич 50 та хонадон учун  Супер акцияБошлангич 25% тулов килиб колган суммасини  40 ойга болиб тулашингиз мумкин1 хона 29.5 м2Умумий нархи  266.208.000 сумБошлангич 25% 106.480.000 сумХар ой 40 ойга 3.994.000 сумдан тулаб берасизМанзил: Юнусабод худуди Уч кахрамон кругига йетмасдан Сабзавот арка,,https://www.olx.uz/d/oz/obyavlenie/turkiston-navastrojkasi-yangi-katlavan-sotuvi-ochildi-25-tolovda-108-ID3YOqp.html
Biznes,Yangi qurilgan uylar,3,81,7,12,,,Alohida,Ha,"Kir yuvish mashinasi, Muzlatkich, Oshxona, Televizor, Balkon, Konditsioner, Internet, Kabelli TV",,Yo’q,TavsifПремиальная новостройкаОт Golden HouseMirabad AvenueЭксклюзивАвторский  качественный ремонтТретья линияОбщая площадь 81 м2Количество комнат 3Этаж 7Этажность 12Полностью укомплектованаМебелью и техникой  BoschСтиральная и сушильнаяПосудомоечная машиныЦена 320000 минимальный торг на месте+998903224824,,https://www.olx.uz/d/oz/obyavlenie/mirabad-avenyu-3-komn-eksklyuziv-remont-ID45TY9.html
Jismoniy shaxs,Ikkilamchi bozor,3,78,4,5,Panelli,Alohida ajratilgan,Aralash,Ha,"Internet, Telefon, Televizor, Oshxona, Balkon","Kasalxona, poliklinika, Maktab, Bolalar bogʻchasi, Bekatlar, Koʻngilochar muassasalar, turargoh, Supermarket, doʻkonlar",Yo’q,TavsifПродаётся квартира на массиве Карасу 6Комнат: 3Этаж: 4Этажность: 5Площадь: 78м2Ориентир: МакроКомнаты раздельныеСанузел совмещенныйБалкон 2*6 объединён с гостинойЦена: 85.000$Подробности по телефону:+998997573380 Бек,,https://www.olx.uz/d/oz/obyavlenie/prodayotsya-3-4-5-na-m-v-karasu-6-ID441Fk.html
Biznes,Ikkilamchi bozor,3,68,2,4,Gʻishtli,,Aralash,Ha,"Oshxona, Balkon","Maktab, Bolalar maydonchasi, Bolalar bogʻchasi, Bekatlar, Park, yashil zona, Koʻngilochar muassasalar, Restoran, kafelar, turargoh, Supermarket, doʻkonlar",Yo’q,"TavsifПродаётся 3х комнатная квартира, в Мирзо-Улугбекскском районе, на массиве Ялангач, ориентир Дом быта, бывшая Налоговая инспекция !Тип строения кирпич.Общая площадь 68м2.Болкон 2×6.Санузел смежные.НЕ ТОРЕЦ !Цена 71000 у.е. не большой торг на месте !ИПОТЕКА ЕСТЬ !Телефон 998881582535",,https://www.olx.uz/d/oz/obyavlenie/prodayotsya-3-2-4-massiv-yalangach-or-r-dom-byta-ipoteka-ID44L6l.html
Biznes,Yangi qurilgan uylar,2,50,3,4,,,,Yoʻq,,,Yo’q,TavsifПосредникам просьба не беспокоить.Рады предложить большой выбор 2-комнатных квартир.,,https://www.olx.uz/d/oz/obyavlenie/prodaetsya-2-komnatnaya-na-feruze-ID3N0pv.html
Biznes,Ikkilamchi bozor,2,62,4,5,Panelli,Alohida ajratilgan,Alohida,Ha,"Muzlatkich, Televizor, Konditsioner, Kir yuvish mashinasi, Oshxona, Balkon","Kasalxona, poliklinika, Maktab, Bolalar maydonchasi, Bolalar bogʻchasi, Bekatlar, Park, yashil zona, Koʻngilochar muassasalar, Restoran, kafelar, turargoh, Supermarket, doʻkonlar",Yo’q,"Tavsif-450 долларга арендатори бор-мебел техникалари билан (2 та кондиционер, 1 та кир ювиш машинка, микроволновка, спалний кроват, диван, кухинний уголок ва бошқалар)-манзил Юнусобод 9 квартлда Сетор карзинка;-2 хонали 62 квадратли улучшенка;-хоналар, туалет ва ванна аолҳида;-2 та балкон, ўлчамлари 2х3 размерда;-ремонтли;-450 долларга арендада квартиранти бор;-259-мактаб рўпарасида, боғча яқин;-атрофда яшил ва айланиш зоналар мавжуд;-Magnit ва Megoplanet бизнес центр ва юнусрбод метроси яқин;-ипотека кредит оркалиям сотилади;-қолган маълумотлар телефон орқали.",,https://www.olx.uz/d/oz/obyavlenie/svoya-yunusabod-9-2-kom-setor-karzinka-remontli-ipotekagayam-sotaman-ID43bo4.html
Biznes,Ikkilamchi bozor,1,36,3,4,Panelli,,Alohida,Ha,,,Yo’q,TavsifПродаю квартиру1/3/4Панельный36 м2 .Балкон 1.5 на 3Состояния чистая42.800Можно в ипотекуЯлангачОриентир институт Культуры903237765Фуркат,,https://www.olx.uz/d/oz/obyavlenie/yalangach-institut-kultury-mozhno-v-ipoteku-ID41iic.html
Jismoniy shaxs,Yangi qurilgan uylar,3,68,4,5,Gʻishtli,Alohida ajratilgan,Alohida,Yoʻq,,"Bolalar maydonchasi, Restoran, kafelar, Kasalxona, poliklinika, Maktab, Park, yashil zona, Bekatlar, Supermarket, doʻkonlar, Bolalar bogʻchasi, turargoh",Yo’q,TavsifКвартира в хорошем состоянииИмеется обмен,,https://www.olx.uz/d/oz/obyavlenie/prodaetsya-kvartira-ID3Z3D0.html
Biznes,Ikkilamchi bozor,1,42,1,7,Gʻishtli,,Aralash,Ha,"Internet, Telefon, Muzlatkich, Televizor, Konditsioner, Kabelli TV, Kir yuvish mashinasi, Oshxona, Balkon","Kasalxona, poliklinika, Bolalar maydonchasi, Bolalar bogʻchasi, Bekatlar, Park, yashil zona, Koʻngilochar muassasalar, Restoran, kafelar, turargoh, Supermarket, doʻkonlar, Maktab",Yo’q,TavsifЧиланзар 13 КварталНовостройка1в2\1\7Евроремонт с мебелью и техникойПлощадь 42м²Ориентир Чуст ЧойхонаЦена 57.000$Звоните по номеру +998992843233.Или напишите в телеграм!,,https://www.olx.uz/d/oz/obyavlenie/novostrojka-42m-chilanzar-13-kvartal-1v2-1-7-prodayotsya-evroremont-kv-ID45QkH.html
Jismoniy shaxs,Yangi qurilgan uylar,3,68,6,10,,,,Ha,,,Yo’q,"TavsifToza havo, 68 kv.m., kadastrli uy. Ozimniki. Humson Buloqqa 1 devol. Parkovka sotib olingan. Tamirdan chiqqan. Mebel olinsa boldi.",,https://www.olx.uz/d/oz/obyavlenie/humson-buloq-68-kv-m-kadastrli-ozimniki-tamirli-ID44K9C.html
Jismoniy shaxs,Yangi qurilgan uylar,3,95,2,12,Gʻishtli,Studiya,2 va undan koʻp sanuzel,Yoʻq,,turargoh,Yo’q,TavsifСрочна новостройка СотиладиKADASTR OLINGANNatariusga tayyorАдрес ХонободRayon segeliyArintir GM zavod95.5 квадратЭтаж 2Хоналарга булинмаганХолати каробкаТел 98) 124-43-43,,https://www.olx.uz/d/oz/obyavlenie/srochna-novostrojka-ID45RKL.html
Jismoniy shaxs,Ikkilamchi bozor,1,47,6,12,Panelli,Alohida ajratilgan,Alohida,Ha,"Internet, Telefon, Kabelli TV, Kir yuvish mashinasi, Oshxona, Balkon","Kasalxona, poliklinika, Maktab, Bolalar maydonchasi, Bolalar bogʻchasi, Bekatlar, Park, yashil zona, Koʻngilochar muassasalar, Restoran, kafelar, turargoh, Supermarket, doʻkonlar",Yo’q,"TavsifПродается СВОЯ квартираРайон- Чиланзар-30 квартал АлгоритмОриентир- Мухлиса1-комнатная переделанная в 2-хЭтаж-6, лучший этаж,Этажность-12Площадь-47м2Состояние- Средний ремонтМебельРаздельно СанузелИПОТЕКА ЙУКТелефон:+998 94 690 56 67,  90 968 81 56Цена-46.200$ ИПОТЕКА ЙУК",,https://www.olx.uz/d/oz/obyavlenie/prodaetsya-svoya-kvartira-1v2-6-12-chilanzar-30-kvartal-orientir-muxlisa-ID3YxK4.html
Biznes,Yangi qurilgan uylar,2,58.02,8,10,Gʻishtli,Alohida ajratilgan,Aralash,Ha,"Internet, Telefon, Muzlatkich, Televizor, Konditsioner, Kabelli TV, Kir yuvish mashinasi, Oshxona, Balkon","Kasalxona, poliklinika, Maktab, Bolalar maydonchasi, Bolalar bogʻchasi, Bekatlar, Park, yashil zona, Koʻngilochar muassasalar, Restoran, kafelar, turargoh, Supermarket, doʻkonlar",Yo’q,"TavsifУникальное предложение в престижном ЖК Solaris — Евро-Люкс на высоком этаже!Продается стильная и уютная двухкомнатная квартира с раздельной планировкой и дизайнерским евроремонтом ""под ключ"". Прекрасный вариант для комфортной жизни или выгодной аренды!Жилой комплекс: SolarisКадастр: естьПлощадь: 58 м²Комнат: 2Планировка: раздельнаяЭтаж: 8 из 10Состояние: Евро-Люкс, заходи и живиОриентир: улица Шота Руставели, район Кушбеги — транспорт, магазины, школы в шаговой доступности.Цена снижена: 91 500 у.е — не упустите шанс!Подробности по телефону:Данил — +998 77 101 00 18",,https://www.olx.uz/d/oz/obyavlenie/zhk-solaris-2-komnatnaya-evroremont-pod-klyuch-na-yakkasarae-kushbegi-ID46fTS.html
Biznes,Yangi qurilgan uylar,1,35,1,7,Gʻishtli,Alohida ajratilgan,Aralash,Ha,,,Bor,TavsifХоналар сони: #1хКават:1Уйнинг каватлар сони:7Манзил: Сахарная больницаКурилиш тури:КирпичныйХоналар жойлашуви:АлохидаУмумий майдони:35квХолати:ЕвроНархи:27.500$Тел:97-309-88-38 / 91-979-7447,,https://www.olx.uz/d/oz/obyavlenie/1-xonalik-kvartira-1-etazh-yangi-dom-saxarnyj-bolnica-ID3Tf4T.html
Biznes,Yangi qurilgan uylar,4,130,7,13,,,,Yoʻq,,,Yo’q,Tavsif#ЯккасарайНовостройкаЖК: ХилмарОриентир: Кушбеги мостХарактеристики:• Комнат: 4• Площадь: 130 м²• Этаж: 7 из 13• Состояние: С ремонтом+Цена: 135 000 у.е.Подробнее по телефону: +998998616101,,https://www.olx.uz/d/oz/obyavlenie/srochnaya-prodazha-yakkasarajskij-rajon-ID452jn.html
Jismoniy shaxs,Yangi qurilgan uylar,2,4,1,1,,,Aralash,Yoʻq,"Kabelli TV, Internet, Oshxona","Bolalar maydonchasi, Restoran, kafelar, Kasalxona, poliklinika, Maktab, Park, yashil zona, Bekatlar, Supermarket, doʻkonlar, Bolalar bogʻchasi, turargoh",Yo’q,"TavsifЮкоричирчик туман Ортасарой махаллачи, 4 сотикли 2хонали катеж, сув, электр, газ хамаси бор, уй махалани марказида светофор олдида 1-уй.срочна сотиладинарх 65.000$",,https://www.olx.uz/d/oz/obyavlenie/srochno-prodayotsya-ID3EjLE.html
Biznes,Ikkilamchi bozor,2,66,8,9,Panelli,Alohida ajratilgan,Alohida,Ha,,,Yo’q,"Tavsif#2комнатнаяПродается квартира(Ойбек метро, #КунаеваГостиница Россия)2*3/8/9 панельПлощадь: 66м2Состояние: Евро ремонтУкомплектована/новаяМебелью и ТЕХНИКОЙЦЕНА:  132.000.у.е+998950984477",,https://www.olx.uz/d/oz/obyavlenie/kunaevo-2v3-komnatnaya-s-evro-remontom-66m2-ID46fTD.html
Biznes,Yangi qurilgan uylar,5,183,2,8,Gʻishtli,Alohida ajratilgan,2 va undan koʻp sanuzel,Ha,,,Yo’q,"TavsifМирабадский районГАБУСОриентир: Российское посольство, Бывшее ГАИ ГлинкаКомнат: 5Этаж: 2Этажность: 8Площадь: 183м2Потолоки: 3.70Состояние: с ремонтомВ квартире есть:2 совмещенных санузла (туалеты с ванной и душевой кабиной)3 кондиционера2 ниши для вещейгардеробнаяДва (2) парковочных места (крытое и открытое)Везде теплый полСвоя отдельная котельнаяИмеется отдельная кладоваяТолщина дома: 2 (два) кирпичаИмеется балкон из спальни (благоустроенный)Охраняемая зонаЛифт с кодомОтапливаемый подъездНа территории есть мини футбольное поле, детская площадка.Цена: 340.000 у.е торг уместенТел: +998500404257Написать мне в телеграмм: RieltRizvanhttps://t.me/Kvartira_centr_Tashkent",,https://www.olx.uz/d/oz/obyavlenie/mirabadskij-r-n-gabus-5-komnatnaya-kvartira-ID46fTB.html
Biznes,Yangi qurilgan uylar,1,41,1,4,Gʻishtli,,Aralash,Ha,"Telefon, Kabelli TV, Internet, Konditsioner, Televizor, Oshxona, Muzlatkich, Kir yuvish mashinasi","Bolalar maydonchasi, Maktab, Koʻngilochar muassasalar, Kasalxona, poliklinika, Supermarket, doʻkonlar, Park, yashil zona, Bekatlar, turargoh, Bolalar bogʻchasi, Restoran, kafelar",Yo’q,TavsifТел: 997643233Чиланзар 3 кварталНовостройкаОриентир Метро Хамза 400 метров от дома1/1/4Тип строения КирпичныйОбщая площадь 41м2Сан.узел СовмещёныйЕвроремонтМебель ДаТехника ДаЦена 69000,,https://www.olx.uz/d/oz/obyavlenie/novostrojka-metro-novza-1-1-4-chilanzar-3-kvartal-meb-tex-ID452jg.html
Biznes,Ikkilamchi bozor,4,80,5,5,Panelli,,,Ha,,,Yo’q,TavsifП Р О Д А Ж ААдрес : Согдиана ул Абу Бакр Розии 25 дом .Этаж : 5Этажность дома: 5Комнат :  4Продается частично с мебельюЦена : 55.000$Тел : 90 453 97 47,,https://www.olx.uz/d/oz/obyavlenie/prodaetsya-4-5-5-v-sogdiana-do-relsov-ID41Ozl.html
Jismoniy shaxs,Ikkilamchi bozor,2,58,5,5,Panelli,Alohida ajratilgan,Alohida,Yoʻq,,"Bolalar bogʻchasi, Maktab, Restoran, kafelar, Bolalar maydonchasi, Kasalxona, poliklinika, Supermarket, doʻkonlar, Bekatlar",Yo’q,"TavsifПродаётся 2х комнатная кварира в Мирзо Улугбекском районе массив Корасу 1 2/5/5,балкон 2 на 6 без ремонта",,https://www.olx.uz/d/oz/obyavlenie/prodayotsya-2x-komnatnaya-kvarira-bez-remonta-ID3gOQz.html
Biznes,Ikkilamchi bozor,2,55,4,5,,,,Yoʻq,,,Yo’q,"TavsifSotuvda 2 xonali kvartira | Buyuk Ipak Yo‘liJoylashuv: Buyuk Ipak Yo‘li, Maksim Gorkiy bekati yaqinidaHolati: YaxshiXususiyatlari:Qavat: 4 / 5Umumiy maydon: 55 m²Xonalar: 2 taBalkon: 2x6Qurilish turi: G‘ishtliNarxi: 70000 dollarIpoteka: MumkinMo‘ljal: Maksim Gorkiy metro bekati, Biy bozoriBog‘lanish: +998 97 342 54 44 — BakhytbekHavola: https://t.me/BahutRealtor#МирзоУлугбек #2хона #ипотека---Продается 2 комнатная квартира | Буюк Ипак ЙулиЛокация: Буюк Ипак Йули, рядом с метро Максим ГорькийСостояние: ХорошееХарактеристики:Этаж: 4 / 5Общая площадь: 55 м²Комнат: 2Балкон: 2x6Дом кирпичныйЦена: 70000 долларовИпотека возможнаОриентир: метро Максим Горький, рынок БийКонтакт: +998 97 342 54 44 — БахытбекСсылка: https://t.me/BahutRealtor#MirzoUlugbek #2комнаты #ипотека",,https://www.olx.uz/d/oz/obyavlenie/bij-2-4-5-ipoteka-ID45Qm3.html
Jismoniy shaxs,Yangi qurilgan uylar,2,48,1,9,,,Alohida,Yoʻq,Balkon,"Park, yashil zona",Yo’q,"TavsifЖК NRG Yangi Baxt Murad Buildings+BI Group 1/1/9 1-этаж, площадь 48 м2, можно как под коммерческое помещение.1 240 уе за м2.59 500 уе.Имеется котёл, Фасадные окна и отделка предчистовая улучшенная.",,https://www.olx.uz/d/oz/obyavlenie/zhk-nrg-yangi-baxt-murad-buildings-bi-group-2-1-9-1-etazh-ploshhad-48-m2-ID444Em.html
Biznes,Yangi qurilgan uylar,3,110,8,9,Gʻishtli,Studiya,2 va undan koʻp sanuzel,Ha,"Internet, Muzlatkich, Konditsioner, Kir yuvish mashinasi, Oshxona, Balkon","Kasalxona, poliklinika, Maktab, Bolalar maydonchasi, Bolalar bogʻchasi, Bekatlar, Park, yashil zona, Koʻngilochar muassasalar, Restoran, kafelar, turargoh, Supermarket, doʻkonlar",Yo’q,"Tavsif3к квартира на 8-м этаже с обстановкой.Турецкая мебель, дизайнерские столы, встроенные шкафы с качественной фурнитурой и стеклянными полками, кухня- студия более 50 м.кв,  - индукция 4 конфорки + 1 газовая на одной поверхности, большой холодильник LG, духовка, микроволновка, кофемашина Hoffman, бар с подсветкой, на полу во входная зона, кухня студия, коридор, и балкон присоединен к кухне с кафельным покрытием, есть балкон, выход на балкон из мастер-спальни и залы. Все окна панорамные. В квартире жили 1.5 года",,https://www.olx.uz/d/oz/obyavlenie/prodam-3-k-kvart-110-m-kv-novostroj-fazo-avenu-ID45GZ3.html
Biznes,Ikkilamchi bozor,2,72,3,9,Gʻishtli,,Alohida,Yoʻq,,,Yo’q,TavsifЦУМ. Ц-7. Метро Космонавтов. Продается 2х ком квартира(73кв.м) на 3 этаже в 75 домеСостояние среднее.Цена 110 000,,https://www.olx.uz/d/oz/obyavlenie/cum-110-shkola-2x-kom-ID46e6s.html
Biznes,Yangi qurilgan uylar,2,42,1,8,Gʻishtli,Alohida ajratilgan,Aralash,Ha,"Internet, Muzlatkich, Televizor, Kabelli TV, Kir yuvish mashinasi, Oshxona","Kasalxona, poliklinika, Bolalar maydonchasi, Bolalar bogʻchasi, Bekatlar, Park, yashil zona, Koʻngilochar muassasalar, Restoran, kafelar, turargoh, Supermarket, doʻkonlar, Maktab",Yo’q,Tavsif#Яшнабот тумани иззат кочасидаАрентр водаканалСрочно сотилади2/1/8 42м2 Гиштли домРемонт янги полни топлипол йоткизилган ичда мебель+техникалари коладиТел 939261219,,https://www.olx.uz/d/oz/obyavlenie/yashnabot-zhk-aziya-xaus-prodazha-ID45QlV.html
Biznes,Ikkilamchi bozor,4,110,1,1,Gʻishtli,Alohida ajratilgan,Alohida,Ha,"Internet, Telefon, Muzlatkich, Televizor, Kabelli TV, Kir yuvish mashinasi, Oshxona, Balkon","Kasalxona, poliklinika, Maktab, Bolalar maydonchasi, Bolalar bogʻchasi, Bekatlar, Koʻngilochar muassasalar, Restoran, kafelar, turargoh, Supermarket, doʻkonlar",Bor,TavsifТошкент вилояти Зангиота туман назарбекда 4 хона 1.2 сотих янги тамирланган.Банк оркали хам берилади.Нархи 65000Телефон 773770002,,https://www.olx.uz/d/oz/obyavlenie/nazarbekda-4-xonali-1-2-stix-xovlicha-nazarbek-mostidan-5-km-ID3VhhM.html
Biznes,Yangi qurilgan uylar,2,60,3,7,Gʻishtli,Alohida ajratilgan,Alohida,Ha,"Internet, Telefon","Restoran, kafelar, Bolalar bogʻchasi, turargoh, Bekatlar, Supermarket, doʻkonlar, Park, yashil zona, Kasalxona, poliklinika, Koʻngilochar muassasalar, Maktab, Bolalar maydonchasi",Bor,"TavsifSergeli 9 hududNovostroyka2/3/7 ,60 kvadratG’ishtli domXonalari alohida3 metro 1 km57500$+998990460016",,https://www.olx.uz/d/oz/obyavlenie/sergeli-9-hudud-novostroyka-2-3-7-60-kv-57500-ID452j0.html
Biznes,Ikkilamchi bozor,4,100,2,9,,Alohida ajratilgan,,Ha,,"Kasalxona, poliklinika, Maktab, Bolalar maydonchasi, Bolalar bogʻchasi, Bekatlar, Park, yashil zona, Koʻngilochar muassasalar, Restoran, kafelar, turargoh, Supermarket, doʻkonlar",Yo’q,TavsifПродаётся 4 комнатная переделанная в 3-х комнатную 100м²В отличном состоянииЯккасарайский район улица БабураПодробная информация +998903716922,,https://www.olx.uz/d/oz/obyavlenie/4-komnatnaya-100m-yakkasaraj-ulica-babura-ID42aH9.html
Jismoniy shaxs,Yangi qurilgan uylar,3,75,1,8,Gʻishtli,Aralash,Aralash,Ha,"Muzlatkich, Televizor, Konditsioner, Kir yuvish mashinasi, Oshxona",,Bor,TavsifНОВОСТРОЙКА 3/1/8Ул.РудакийОриентир «Бриллиант сити»Комнат: 3Этаж: 1Этажность: 8Общая площадь: 75м2Лифт имеется!Кадастр имеется!Состояние: С евро ремонтом! «2-х контурный котел полностью теплый пол» с техникой GoodWell.ЦЕНА: 83.000 $Торг имеется!Подробная информация по телефону:+998973944455,,https://www.olx.uz/d/oz/obyavlenie/prodaetsya-kvartira-novostrojka-3-komnaty-1-etazh-75-m2-ul-rudakij-ID46fTi.html
Biznes,Yangi qurilgan uylar,4,140,1,5,Gʻishtli,Alohida ajratilgan,Alohida,Ha,,,Bor,TavsifХоналар сони: #2х + #2хкават:1Уйнинг каватлар сони:5Манзил:6-мкр 32-мактабКурилиш тури:КирпичныйХоналар жойлашуви:Алохида/ДублексУмумий майдони:70 кв + 70 кв ПодвалХолати:евро ремонтНархи:64.900$Тел:91-246-7447 / 91-979-7447,,https://www.olx.uz/d/oz/obyavlenie/4-xonalik-2-2-kvartira-1-etazh-podval-yangi-dom-6-mikr-32-maktab-ID42I3K.html
Jismoniy shaxs,Ikkilamchi bozor,3,72,2,4,Gʻishtli,Alohida ajratilgan,Alohida,Ha,"Internet, Konditsioner, Oshxona, Balkon","Kasalxona, poliklinika, Maktab, Bolalar maydonchasi, Bolalar bogʻchasi, Bekatlar, Park, yashil zona, Koʻngilochar muassasalar, Restoran, kafelar, turargoh, Supermarket, doʻkonlar",Yo’q,TavsifПродается квартира 3х ком 72кв мБез ремонта с мебелью  2балкона две кладовые дом кирпичный 4этажка на втором этаже . не серьезным не беспокоитьБектемирский район улица Олтин топкан,,https://www.olx.uz/d/oz/obyavlenie/prodaetsya-kvartira-3x-komnatnaya-ID44AYM.html
Biznes,Ikkilamchi bozor,3,77,3,4,Gʻishtli,Alohida ajratilgan,Alohida,Yoʻq,,"Restoran, kafelar, Bolalar bogʻchasi, Bekatlar, Park, yashil zona, Kasalxona, poliklinika, Koʻngilochar muassasalar, Maktab, Bolalar maydonchasi",Yo’q,"TavsifПРОДАЁТСЯШота РуставелиОр-р: Океан напротив Modera TowerДвор ЗакрытыйКомнат: 3Этаж: 3Этажность дома: 5Площадь: 77кв.м по кадаструЕВРО Ремонт С Мебелью и ТехникойЕсть открытый Балкон/ Двухсторонняя квартираСвой гараж с кадастромВ квартире: сигнализация, камеры по периметру.Подъезд чистый аккуратныйЦена: 123.000$ торг уместенТел +998900070022",,https://www.olx.uz/d/oz/obyavlenie/prodazha-shota-rustaveli-or-r-okean-naprotiv-modera-tower-3-3-5-77m2-ID46fTd.html
Jismoniy shaxs,Yangi qurilgan uylar,2,40,9,9,,Alohida ajratilgan,Aralash,Ha,,,Yo’q,TavsifYunusobod tumani Abdulla Kadiriy kochasi40 kv m,,https://www.olx.uz/d/oz/obyavlenie/sotaman-ozimni-ujim-ID46fTb.html
Jismoniy shaxs,Yangi qurilgan uylar,1,2,2,5,Gʻishtli,Aralash-alohida,2 va undan koʻp sanuzel,Ha,"Telefon, Kabelli TV, Internet, Konditsioner, Televizor, Oshxona, Muzlatkich, Kir yuvish mashinasi",,Bor,TavsifKvartira sotiladi  hamma sharoitga ega 1  1-xonalik 42 km2 Manzil Guliston most mostdan o'tib 61 avto bazaga bormasdan yo'l yoqasida narxi 32000 aqsh dollars kelishamiz 902994635,,https://www.olx.uz/d/oz/obyavlenie/kvartira-sotiladi-ID3Kg5v.html
Jismoniy shaxs,Ikkilamchi bozor,4,94.50,8,9,Panelli,Alohida ajratilgan,,Yoʻq,,,Yo’q,"TavsifСрочно Сотилади ! Сергели-5 , 94.5м2  4хона/8-этаж/9 қаватли Бино",,https://www.olx.uz/d/oz/obyavlenie/srochno-sotiladi-sergeli-5-94-5m2-4xona-8-etazh-9-qavatli-bino-ID44lGu.html
Biznes,Yangi qurilgan uylar,3,83,5,9,Gʻishtli,Alohida ajratilgan,Alohida,Ha,"Kir yuvish mashinasi, Muzlatkich, Oshxona, Televizor, Balkon, Konditsioner, Internet, Kabelli TV, Telefon","Restoran, kafelar, Bolalar bogʻchasi, turargoh, Bekatlar, Supermarket, doʻkonlar, Park, yashil zona, Kasalxona, poliklinika, Koʻngilochar muassasalar, Maktab, Bolalar maydonchasi",Bor,"TavsifСрочно Продается (сотилади) 3х ком квартира на 5 этаже в 9-этажный дом лифт есть работает в новостройке,состояние квартиры заходи живи,по адресу улица Фирдавсий (Шаумяна)ориентир “РУСТАМ ШЎРБО”цена (нархи) 72000$ торг есть (савдоси бор)Бу агентства 1% комиссия хизмати бор!тел-+998905044848",,https://www.olx.uz/d/oz/obyavlenie/srochno-prodayotsya-sotiladi-3x-kom-po-ul-firdavsij-or-rustam-shorbo-ID41exv.html
Jismoniy shaxs,Ikkilamchi bozor,4,103,4,4,Gʻishtli,Alohida ajratilgan,Alohida,Ha,"Internet, Telefon, Muzlatkich, Televizor, Konditsioner, Kabelli TV, Kir yuvish mashinasi, Oshxona, Balkon","Kasalxona, poliklinika, Maktab, Bolalar maydonchasi, Bolalar bogʻchasi, Bekatlar, Park, yashil zona, Koʻngilochar muassasalar, Restoran, kafelar, turargoh, Supermarket, doʻkonlar",Yo’q,TavsifПродается квартира 103 кв4 этаж из 4Квартира укомплектована. Заходи живи. Остальное по телефону:+998998350010,,https://www.olx.uz/d/oz/obyavlenie/prodaetsya-kvartira-mirabadskoe-rovd-ID44yqn.html
Biznes,Ikkilamchi bozor,2,58,2,9,Monolitli,Alohida ajratilgan,Alohida,Ha,"Telefon, Kabelli TV, Internet, Konditsioner, Balkon, Televizor, Oshxona, Muzlatkich, Kir yuvish mashinasi","Bolalar maydonchasi, Maktab, Koʻngilochar muassasalar, Kasalxona, poliklinika, Supermarket, doʻkonlar, Park, yashil zona, Bekatlar, turargoh, Bolalar bogʻchasi, Restoran, kafelar",Yo’q,TavsifЧиланзар 20А2\2\9С ремонтомРазделкаПлощадь 58м²Ориентир Хамкор БанкЦена 60.500$,,https://www.olx.uz/d/oz/obyavlenie/razdelka-58m-chilonzor-20a-2-2-9-kvartira-sotiladi-ID452iu.html
Biznes,Yangi qurilgan uylar,6,126,7,8,Gʻishtli,Koʻp darajali,2 va undan koʻp sanuzel,Yoʻq,"Internet, Telefon, Kabelli TV, Balkon","Kasalxona, poliklinika, Maktab, Bolalar maydonchasi, Bolalar bogʻchasi, Bekatlar, Park, yashil zona, Koʻngilochar muassasalar, Restoran, kafelar, turargoh, Supermarket, doʻkonlar",Yo’q,"TavsifПродается: 6-комнатная квартира-дуплекс в ЖК Palazzo (Мирзо-Улугбекский район)Представляем к продаже просторную 6-комнатную квартиру-дуплекс в жилом комплексе Palazzo от застройщика Grand Capital. У этой квартиры есть кадастр, что гарантирует юридическую чистоту и безопасность сделки.Обзор квартирыКомнаты: 6, что идеально подходит для большой семьи или тех, кто ищет максимум пространства.Этаж: Расположена на 7-м и 8-м этажах 8-этажного кирпичного дома. Это дуплекс – двухуровневая квартира, предлагающая ощущение частного дома в многоквартирном комплексе.Площадь: Внушительные 126 м², предоставляющие огромный простор для реализации ваших дизайнерских идей.Ремонт: Квартира продается в состоянии черновой отделки. Это идеальный вариант для тех, кто хочет создать интерьер своей мечты с нуля, выбирая все материалы и дизайн по собственному вкусу.Санузлы: 2 санузла значительно повышают удобство для всех проживающих.Тип строения: Дом кирпичный, что обеспечивает отличную тепло- и звукоизоляцию, а также долговечность конструкции.МестоположениеЖилой комплекс Palazzo находится в Мирзо-Улугбекском районе, в районе с развитой инфраструктурой. Среди ключевых ориентиров:Улица Ахмада ЮгнакиМестный рынокМикрорайон ТТЗЭти ориентиры указывают на удобное расположение с легким доступом к торговым точкам и жилым массивам.ЦенаСтоимость данной квартиры составляет 82 010 у.е.Контактная информацияДля получения дополнительной информации или организации просмотра, пожалуйста, свяжитесь с Равшаном по телефону: +99877 2533300.Эта просторная 6-комнатная квартира-дуплекс ждет своего нового владельца. Готовы создать дом вашей мечты?",,https://www.olx.uz/d/oz/obyavlenie/mirzoulugbekpalazzo-5-6k-kvartira-dupleks-korobka-axmadayunaki-ttz-ID45Qlz.html
Jismoniy shaxs,Yangi qurilgan uylar,1,45,4,5,Gʻishtli,Studiya,Aralash,Ha,"Konditsioner, Internet, Oshxona, Kabelli TV","Maktab, Supermarket, doʻkonlar, Park, yashil zona, Kasalxona, poliklinika, turargoh, Bekatlar, Bolalar bogʻchasi, Restoran, kafelar, Bolalar maydonchasi, Koʻngilochar muassasalar",Yo’q,"TavsifСтудия дизайнерский, квартира своя, Ввод есть, готова для нотариуса, 43кв,4 этаж.Вся техника,строй материалы, оборудование НЕ ДЕШЁВЫЕ.В квартире  имеется тёплый  пол.Пожалуйста,  звоните строго по делу.адрес: 5 микрорайон Богдаш.",,https://www.olx.uz/d/oz/obyavlenie/kvartira-lyuks-studiya-ID3Fnym.html
Jismoniy shaxs,Yangi qurilgan uylar,2,46,2,7,Gʻishtli,Aralash-alohida,Aralash,Ha,"Internet, Telefon, Muzlatkich, Televizor, Konditsioner, Kabelli TV, Kir yuvish mashinasi, Oshxona, Balkon","Kasalxona, poliklinika, Bolalar maydonchasi, Bolalar bogʻchasi, Bekatlar, Park, yashil zona, Koʻngilochar muassasalar, Restoran, kafelar, turargoh, Supermarket, doʻkonlar, Maktab",Bor,"TavsifПродаю свою 2 комнатную квартиру 46 квадрат 2 этаж, новостройка рядом метро, школа, садик, продуктовый рынок, авто рынок, поликлиника, бассейн все доступноЦена 51 000$ договорная97 442 04 09",,https://www.olx.uz/d/oz/obyavlenie/prodaetsya-2kom-kvartira-sergeli-6a-kvartal-ID46fSO.html
Biznes,Ikkilamchi bozor,3,72,3,3,Gʻishtli,Alohida ajratilgan,Alohida,Ha,"Internet, Telefon, Oshxona, Balkon",,Yo’q,TavsifПродаю 3 ком квартира на 3 этаже 3 этажного дома. Квартира в чистый хорошей состоянии можно зайти жить обш плошдь 72 кв. Комната разделение санузел разделение есть балкон. Подробности по телефону звоните.99 8097771.,,https://www.olx.uz/d/oz/obyavlenie/prodayu-3-kom-kvartira-na-3-etazhe-3-etazhnogo-doma-dubovyj-ID3ZCrq.html
Biznes,Ikkilamchi bozor,1,20,4,4,Gʻishtli,,Aralash,Ha,"Internet, Muzlatkich, Televizor, Konditsioner, Kabelli TV, Kir yuvish mashinasi, Oshxona","Kasalxona, poliklinika, Maktab, Bolalar maydonchasi, Bolalar bogʻchasi, Bekatlar, Park, yashil zona, Koʻngilochar muassasalar, Restoran, kafelar, turargoh, Supermarket, doʻkonlar",Yo’q,"TavsifПродаётся 1 комнатная 20м²Семейное общежитие с условиямиСанузел совмещён внутриИмеется мебель и бытовая техника, холодильник, кондиционер, стиральная машина, телевизор.После ремонтаПодробная информация по телефону +998903716922",,https://www.olx.uz/d/oz/obyavlenie/shota-rustaveli-orientir-askiya-bazar-1-komnatnaya-20m-ID42naz.html
Biznes,Yangi qurilgan uylar,1,49.90,8,16,Monolitli,,,Yoʻq,Balkon,"Kasalxona, poliklinika, Maktab, Bolalar maydonchasi, Bolalar bogʻchasi, Bekatlar, Park, yashil zona, Koʻngilochar muassasalar, Restoran, kafelar, turargoh, Supermarket, doʻkonlar",Yo’q,"TavsifЖК «Туркистан» — это современный жилой комплекс в стиле хай-тек с базальтовым фасадом по привлекательным ценам с широким выбором больших и маленьких квартир!Жилой комплекс будет включать в себя 16 этажный дом с 8 подъездами, в каждом из которых будет просторная лестничная площадка с двумя бесшумным лифтами. Общая площадь комплекса составляет 70 соток, а площадь застройки — 30 соток.ЖК «Туркистан» предоставит квартиру на любой вкус, от однокомнатных, при этом просторных квартир до 5-комнатных квартир, каждая из которых станет уютным и просторным домом с высокими потолками.В каждой квартире будут установлены:- Входная дверь- Пластиковые окна- Межкомнатные перегородки- Пол и потолок монолит- Коммуникации (стояки, счётчики).Также на территории ЖК «Туркистан» будут доступны подземная и наземная автостоянки с перегородками (240 мест и 70 мест).Более того, каждая квартира будет иметь балкон шириной в 1,20 см.Можете приобрести в рассрочку до 30 месяцевСдача комплекса запланирована на 4 квартал 2026 года.Звоните+998994674499 Влад",,https://www.olx.uz/d/oz/obyavlenie/odnokomnatnaya-kvartira-49-9m2-33-600-ID452ij.html
Biznes,Ikkilamchi bozor,3,72,7,9,Panelli,Alohida ajratilgan,,Ha,,,Yo’q,"TavsifВТОРИЧКА 3/7/9 ОЙБЕКор-р кафе ""ТОЧКА вкусаРядом гостиница РоссияМИРАБАДСКИЙ районФранцузская плани-каПлощадь: панель 75м2Состояние: Евро ЛЮКСУкомплектована/новаяМебелью и ТЕХНИКОЙЦЕНА: 149.000у.е+998332092929+998909553948",,https://www.olx.uz/d/oz/obyavlenie/prodayotsya-kvartira-3-7-9-vtorichka-ajbek-gost-rossiya-evro-ID45rhf.html
Biznes,Ikkilamchi bozor,2,48,4,4,Panelli,Aralash,Alohida,Ha,"Internet, Telefon, Muzlatkich, Televizor, Konditsioner, Kabelli TV, Kir yuvish mashinasi, Oshxona, Balkon","Kasalxona, poliklinika, Maktab, Bolalar maydonchasi, Bolalar bogʻchasi, Bekatlar, Park, yashil zona, Koʻngilochar muassasalar, Restoran, kafelar, turargoh, Supermarket, doʻkonlar",Yo’q,"TavsifПродажа 2в3/4/4 массив ФерузаМирзо Улугбекский районПеределана в 3 комнатную квартируКвартира с ремонтомКомнаты смежныеСанузел раздельныйБалкон 1,5х3мПлощадь: 48 кв/мОриентир: 223-школа, 221-школаЦена: 47.000 уеПодробная Информация По Телефону:983355797",,https://www.olx.uz/d/oz/obyavlenie/prodazha-2v3-4-4-feruza-ekobazar-s-evroremontom-47-000ue-balkon-1-5x3-ID44STT.html
Biznes,Ikkilamchi bozor,3,72,2,5,Gʻishtli,Alohida ajratilgan,Aralash,Yoʻq,"Telefon, Internet, Balkon, Oshxona, Konditsioner","Bolalar maydonchasi, Maktab, Koʻngilochar muassasalar, Kasalxona, poliklinika, Supermarket, doʻkonlar, Park, yashil zona, Bekatlar, turargoh, Bolalar bogʻchasi, Restoran, kafelar",Yo’q,TavsifПродаю 3 ком квартира на 2 этаже 5 этажного дома. Квартира в чистый хорошей состоянии можно зайти жить комната разделение прихожка квадратных балкон 2×6. Место расположен хорошей орентыр базар Кадышва. Подробности по телефону звоните 998 99 809-77-71.,,https://www.olx.uz/d/oz/obyavlenie/prodayu-3-kom-kvartira-na-2-etazhe-5-etazhnogo-doma-aviosozlar-2-ID452ie.html
Biznes,Ikkilamchi bozor,3,76,2,9,,Alohida ajratilgan,Alohida,Yoʻq,,,Yo’q,"Tavsif• Чилонзор-20, Катта Хирмонтепа кўчаси• 3 хона, 2 этаж, 9 этажка, 76 квадрат• Евроремонт +автостоянка бор• Квартирада фақат кух.мебел ва газ.плита қолади",,https://www.olx.uz/d/oz/obyavlenie/kvartira-sotiladi-chilonzor-ID4568m.html
Jismoniy shaxs,Ikkilamchi bozor,2,54,1,4,Panelli,Aralash,Alohida,Ha,"Internet, Telefon, Muzlatkich, Televizor, Konditsioner, Kabelli TV, Kir yuvish mashinasi, Oshxona, Balkon","Kasalxona, poliklinika, Maktab, Bolalar maydonchasi, Bolalar bogʻchasi, Bekatlar, Park, yashil zona, Koʻngilochar muassasalar, Restoran, kafelar, turargoh, Supermarket, doʻkonlar",Yo’q,TavsifСрочно Продам свою квартиру 2в3/1/4 Чилонзар-20 мебель и техника балкон 1.5×6Тел:+998911917274,,https://www.olx.uz/d/oz/obyavlenie/srochno-prodam-svoyu-kvartiru-2v3-1-4-ID43Ghr.html
Jismoniy shaxs,Yangi qurilgan uylar,4,100,1,4,Gʻishtli,Alohida ajratilgan,,Yoʻq,,,Yo’q,"TavsifОриентир автосалон КИА.Квартира с новым ремонтом, дуплекс, 1-этаж, никто не жил.Площадь 100 кВ.м. Кухня полностью обставлена. Кадастр готов.Цена: 77000Телефон: 91-133-33-11, 94-417-65-96",,https://www.olx.uz/d/oz/obyavlenie/sergelijskij-rajon-avtosalon-kia-4-x-komnatnaya-kvartira-prodaetsya-ID3L9tn.html
Biznes,Yangi qurilgan uylar,2,47,11,13,,,,Ha,,,Yo’q,TavsifНОВОСТРОЙКА 2/11/13ЖК MEGA TOWERЮнусабадский районОриентир Mega PlanetПлощадь: 47м2Состояние: евроремонтМебель и техникаЦЕНА: 70 000 у.е. Без торга СРОЧНО+998978770077 Алексей,,https://www.olx.uz/d/oz/obyavlenie/srochno-novostrojka-yunusabad-13kv-1-kom-47m2-evrolyuks-ID45rha.html
Biznes,Yangi qurilgan uylar,2,47.10,11,16,Monolitli,Alohida ajratilgan,Aralash,Yoʻq,Balkon,"Maktab, Bekatlar, Restoran, kafelar, turargoh",Yo’q,"TavsifTURKISTON AVENUE турар-жой мажмуаси, 3-босқич100% tolovda 381.321.600 12% skitka bn433.320.000 opshi summa108.330.000 25% boshlangʻich tolov8.124.750 40 oyga boʻlib tolashУй класи: КомфортБўлиб тўлаш муддати: 40 ойгачаБошланғич тўлов: 25% данТўхташ жойи: Ер ости (200 ўрин)Тўхташ жойи: Ер усти (100 ўрин)Топшириш муддати: 2028-йил II чоракҚаватлар сони: 16 қаватШифт баландлиги: 2,9 мҲовли жиҳозланиши:Кириш эшигиТашқи ойна блоклариДевор бўлимлариЁпиқ таъмир ишлариЎрнатилган ҳисоблагичларАсосий қурилиш материаллари: монолит каркас, газоблок тўлдириш, монолит устки ёпмалар.Мажмуа тузилиши: 16 қават, 5 блок, 10 кириш жойи.Жами майдони: 1 гектар.",,https://www.olx.uz/d/oz/obyavlenie/navastroykadan-2-xona-47m2-bosh-tolov-25-bilan-40-oyga-xarid-qilin-ID419q8.html
Biznes,Yangi qurilgan uylar,1,29.50,8,16,Monolitli,,Aralash,Yoʻq,,,Yo’q,TavsifТуркистон авеню турар жой мажмуасида янги  Катлаван сотуви очилди ва янги акция бошланди хонадон харид килиб 2 чи хонадонни совга сифатида ютиб олиш29 м2 дан 100 м2 гача хонадонлар сотиб олишингиз мумкинБошлангич 50 та хонадон учун  Супер акцияБошлангич 25% тулов килиб колган суммасини  40 ойга болиб тулашингиз мумкин1 хона 29.5 м2Умумий нархи  266.208.000 сумБошлангич 25% 106.480.000 сумХар ой 40 ойга 3.994.000 сумдан тулаб берасизМанзил: Юнусабод худуди Уч кахрамон кругига йетмасдан Сабзавот арка,,https://www.olx.uz/d/oz/obyavlenie/turkiston-navastrojkasi-yangi-katlavan-sotuvi-ochildi-25-tolovda-108-ID3YOqp.html
Biznes,Yangi qurilgan uylar,3,81,7,12,,,Alohida,Ha,"Kir yuvish mashinasi, Muzlatkich, Oshxona, Televizor, Balkon, Konditsioner, Internet, Kabelli TV",,Yo’q,TavsifПремиальная новостройкаОт Golden HouseMirabad AvenueЭксклюзивАвторский  качественный ремонтТретья линияОбщая площадь 81 м2Количество комнат 3Этаж 7Этажность 12Полностью укомплектованаМебелью и техникой  BoschСтиральная и сушильнаяПосудомоечная машиныЦена 320000 минимальный торг на месте+998903224824,,https://www.olx.uz/d/oz/obyavlenie/mirabad-avenyu-3-komn-eksklyuziv-remont-ID45TY9.html
Jismoniy shaxs,Ikkilamchi bozor,3,78,4,5,Panelli,Alohida ajratilgan,Aralash,Ha,"Internet, Telefon, Televizor, Oshxona, Balkon","Kasalxona, poliklinika, Maktab, Bolalar bogʻchasi, Bekatlar, Koʻngilochar muassasalar, turargoh, Supermarket, doʻkonlar",Yo’q,TavsifПродаётся квартира на массиве Карасу 6Комнат: 3Этаж: 4Этажность: 5Площадь: 78м2Ориентир: МакроКомнаты раздельныеСанузел совмещенныйБалкон 2*6 объединён с гостинойЦена: 85.000$Подробности по телефону:+998997573380 Бек,,https://www.olx.uz/d/oz/obyavlenie/prodayotsya-3-4-5-na-m-v-karasu-6-ID441Fk.html
Biznes,Ikkilamchi bozor,3,68,2,4,Gʻishtli,,Aralash,Ha,"Oshxona, Balkon","Maktab, Bolalar maydonchasi, Bolalar bogʻchasi, Bekatlar, Park, yashil zona, Koʻngilochar muassasalar, Restoran, kafelar, turargoh, Supermarket, doʻkonlar",Yo’q,"TavsifПродаётся 3х комнатная квартира, в Мирзо-Улугбекскском районе, на массиве Ялангач, ориентир Дом быта, бывшая Налоговая инспекция !Тип строения кирпич.Общая площадь 68м2.Болкон 2×6.Санузел смежные.НЕ ТОРЕЦ !Цена 71000 у.е. не большой торг на месте !ИПОТЕКА ЕСТЬ !Телефон 998881582535",,https://www.olx.uz/d/oz/obyavlenie/prodayotsya-3-2-4-massiv-yalangach-or-r-dom-byta-ipoteka-ID44L6l.html
Biznes,Yangi qurilgan uylar,2,50,3,4,,,,Yoʻq,,,Yo’q,TavsifПосредникам просьба не беспокоить.Рады предложить большой выбор 2-комнатных квартир.,,https://www.olx.uz/d/oz/obyavlenie/prodaetsya-2-komnatnaya-na-feruze-ID3N0pv.html
Biznes,Ikkilamchi bozor,2,62,4,5,Panelli,Alohida ajratilgan,Alohida,Ha,"Muzlatkich, Televizor, Konditsioner, Kir yuvish mashinasi, Oshxona, Balkon","Kasalxona, poliklinika, Maktab, Bolalar maydonchasi, Bolalar bogʻchasi, Bekatlar, Park, yashil zona, Koʻngilochar muassasalar, Restoran, kafelar, turargoh, Supermarket, doʻkonlar",Yo’q,"Tavsif-450 долларга арендатори бор-мебел техникалари билан (2 та кондиционер, 1 та кир ювиш машинка, микроволновка, спалний кроват, диван, кухинний уголок ва бошқалар)-манзил Юнусобод 9 квартлда Сетор карзинка;-2 хонали 62 квадратли улучшенка;-хоналар, туалет ва ванна аолҳида;-2 та балкон, ўлчамлари 2х3 размерда;-ремонтли;-450 долларга арендада квартиранти бор;-259-мактаб рўпарасида, боғча яқин;-атрофда яшил ва айланиш зоналар мавжуд;-Magnit ва Megoplanet бизнес центр ва юнусрбод метроси яқин;-ипотека кредит оркалиям сотилади;-қолган маълумотлар телефон орқали.",,https://www.olx.uz/d/oz/obyavlenie/svoya-yunusabod-9-2-kom-setor-karzinka-remontli-ipotekagayam-sotaman-ID43bo4.html
Biznes,Ikkilamchi bozor,1,36,3,4,Panelli,,Alohida,Ha,,,Yo’q,TavsifПродаю квартиру1/3/4Панельный36 м2 .Балкон 1.5 на 3Состояния чистая42.800Можно в ипотекуЯлангачОриентир институт Культуры903237765Фуркат,,https://www.olx.uz/d/oz/obyavlenie/yalangach-institut-kultury-mozhno-v-ipoteku-ID41iic.html
Jismoniy shaxs,Yangi qurilgan uylar,3,68,4,5,Gʻishtli,Alohida ajratilgan,Alohida,Yoʻq,,"Bolalar maydonchasi, Restoran, kafelar, Kasalxona, poliklinika, Maktab, Park, yashil zona, Bekatlar, Supermarket, doʻkonlar, Bolalar bogʻchasi, turargoh",Yo’q,TavsifКвартира в хорошем состоянииИмеется обмен,,https://www.olx.uz/d/oz/obyavlenie/prodaetsya-kvartira-ID3Z3D0.html
Jismoniy shaxs,Yangi qurilgan uylar,3,93,4,4,Gʻishtli,Alohida ajratilgan,Alohida,Ha,"Internet, Telefon, Muzlatkich, Televizor, Konditsioner, Kir yuvish mashinasi, Oshxona, Balkon","Kasalxona, poliklinika, Maktab, Bolalar maydonchasi, Bolalar bogʻchasi, Bekatlar, Park, yashil zona, Koʻngilochar muassasalar, Restoran, kafelar, turargoh, Supermarket, doʻkonlar",Yo’q,"TavsifПродается квартира 2017 года постройки.Новостройка.Двух комнатная, переделанная в трех.Квартира находится в Юнусабадском районе возле метро Шахристан.4 этаж -4 этажного дома.Ремонт свежий.Балкон 2*6Комнаты большие, просторные.Двор тихий, спокойный.Магазины рядом.До рынка 2 остановки.До метро 300 мИмеются парковочные места и детская площадка.+998909307654",,https://www.olx.uz/d/oz/obyavlenie/prodayotsya-svoya-3-tryox-komnatnaya-kvartira-novostrojka-yunusabad-rajon-ID3ZIFL.html
Biznes,Yangi qurilgan uylar,3,76,5,7,,,,Ha,,,Yo’q,TavsifПродаётся квартира в Мирабадском  районе.Адрес: Ж/К - «Mirabad Avenue»Ор-р : Гостиница РоссияКол-во комнат: 3Этаж - 5Этажность: 6Площадь - 75м2С готовым арендатором на долгий срокЦЕНА: 255 000у.е  хороший торг на месте,,https://www.olx.uz/d/oz/obyavlenie/srochno-prodayotsya-zhk-mirabad-avenue-3-x-komnatnaya-ID43OHg.html
Jismoniy shaxs,Ikkilamchi bozor,2,59.60,2,3,Gʻishtli,Alohida ajratilgan,Alohida,Ha,Oshxona,,Yo’q,TavsifManzil:Fargona shahar oxunbabayev masif sheroz toyxonasi oldida .Qoledigon narsalari bor.Batafsil malumot tel orqali :+998905639101,,https://www.olx.uz/d/oz/obyavlenie/fargona-shahar-oxunbabayev-masifda-sotiladi-ID45Vfs.html
Biznes,Ikkilamchi bozor,2,55,4,5,,,,Yoʻq,,,Yo’q,"TavsifSotuvda 2 xonali kvartira | Buyuk Ipak Yo‘liJoylashuv: Buyuk Ipak Yo‘li, Maksim Gorkiy bekati yaqinidaHolati: YaxshiXususiyatlari:Qavat: 4 / 5Umumiy maydon: 55 m²Xonalar: 2 taBalkon: 2x6Qurilish turi: G‘ishtliNarxi: 70000 dollarIpoteka: MumkinMo‘ljal: Maksim Gorkiy metro bekati, Biy bozoriBog‘lanish: +998 97 342 54 44 — BakhytbekHavola: https://t.me/BahutRealtor#МирзоУлугбек #2хона #ипотека---Продается 2 комнатная квартира | Буюк Ипак ЙулиЛокация: Буюк Ипак Йули, рядом с метро Максим ГорькийСостояние: ХорошееХарактеристики:Этаж: 4 / 5Общая площадь: 55 м²Комнат: 2Балкон: 2x6Дом кирпичныйЦена: 70000 долларовИпотека возможнаОриентир: метро Максим Горький, рынок БийКонтакт: +998 97 342 54 44 — БахытбекСсылка: https://t.me/BahutRealtor#MirzoUlugbek #2комнаты #ипотека",,https://www.olx.uz/d/oz/obyavlenie/bij-2-4-5-ipoteka-ID45Qm3.html
Biznes,Yangi qurilgan uylar,2,42,1,8,Gʻishtli,Alohida ajratilgan,Aralash,Ha,"Internet, Muzlatkich, Televizor, Kabelli TV, Kir yuvish mashinasi, Oshxona","Kasalxona, poliklinika, Bolalar maydonchasi, Bolalar bogʻchasi, Bekatlar, Park, yashil zona, Koʻngilochar muassasalar, Restoran, kafelar, turargoh, Supermarket, doʻkonlar, Maktab",Yo’q,Tavsif#Яшнабот тумани иззат кочасидаАрентр водаканалСрочно сотилади2/1/8 42м2 Гиштли домРемонт янги полни топлипол йоткизилган ичда мебель+техникалари коладиТел 939261219,,https://www.olx.uz/d/oz/obyavlenie/yashnabot-zhk-aziya-xaus-prodazha-ID45QlV.html
Biznes,Ikkilamchi bozor,4,110,1,1,Gʻishtli,Alohida ajratilgan,Alohida,Ha,"Internet, Telefon, Muzlatkich, Televizor, Kabelli TV, Kir yuvish mashinasi, Oshxona, Balkon","Kasalxona, poliklinika, Maktab, Bolalar maydonchasi, Bolalar bogʻchasi, Bekatlar, Koʻngilochar muassasalar, Restoran, kafelar, turargoh, Supermarket, doʻkonlar",Bor,TavsifТошкент вилояти Зангиота туман назарбекда 4 хона 1.2 сотих янги тамирланган.Банк оркали хам берилади.Нархи 65000Телефон 773770002,,https://www.olx.uz/d/oz/obyavlenie/nazarbekda-4-xonali-1-2-stix-xovlicha-nazarbek-mostidan-5-km-ID3VhhM.html
Biznes,Yangi qurilgan uylar,2,60,3,7,Gʻishtli,Alohida ajratilgan,Alohida,Ha,"Internet, Telefon","Restoran, kafelar, Bolalar bogʻchasi, turargoh, Bekatlar, Supermarket, doʻkonlar, Park, yashil zona, Kasalxona, poliklinika, Koʻngilochar muassasalar, Maktab, Bolalar maydonchasi",Bor,"TavsifSergeli 9 hududNovostroyka2/3/7 ,60 kvadratG’ishtli domXonalari alohida3 metro 1 km57500$+998990460016",,https://www.olx.uz/d/oz/obyavlenie/sergeli-9-hudud-novostroyka-2-3-7-60-kv-57500-ID452j0.html
Biznes,Ikkilamchi bozor,4,100,2,9,,Alohida ajratilgan,,Ha,,"Kasalxona, poliklinika, Maktab, Bolalar maydonchasi, Bolalar bogʻchasi, Bekatlar, Park, yashil zona, Koʻngilochar muassasalar, Restoran, kafelar, turargoh, Supermarket, doʻkonlar",Yo’q,TavsifПродаётся 4 комнатная переделанная в 3-х комнатную 100м²В отличном состоянииЯккасарайский район улица БабураПодробная информация +998903716922,,https://www.olx.uz/d/oz/obyavlenie/4-komnatnaya-100m-yakkasaraj-ulica-babura-ID42aH9.html
Jismoniy shaxs,Yangi qurilgan uylar,3,75,1,8,Gʻishtli,Aralash,Aralash,Ha,"Muzlatkich, Televizor, Konditsioner, Kir yuvish mashinasi, Oshxona",,Bor,TavsifНОВОСТРОЙКА 3/1/8Ул.РудакийОриентир «Бриллиант сити»Комнат: 3Этаж: 1Этажность: 8Общая площадь: 75м2Лифт имеется!Кадастр имеется!Состояние: С евро ремонтом! «2-х контурный котел полностью теплый пол» с техникой GoodWell.ЦЕНА: 83.000 $Торг имеется!Подробная информация по телефону:+998973944455,,https://www.olx.uz/d/oz/obyavlenie/prodaetsya-kvartira-novostrojka-3-komnaty-1-etazh-75-m2-ul-rudakij-ID46fTi.html
Biznes,Yangi qurilgan uylar,4,140,1,5,Gʻishtli,Alohida ajratilgan,Alohida,Ha,,,Bor,TavsifХоналар сони: #2х + #2хкават:1Уйнинг каватлар сони:5Манзил:6-мкр 32-мактабКурилиш тури:КирпичныйХоналар жойлашуви:Алохида/ДублексУмумий майдони:70 кв + 70 кв ПодвалХолати:евро ремонтНархи:64.900$Тел:91-246-7447 / 91-979-7447,,https://www.olx.uz/d/oz/obyavlenie/4-xonalik-2-2-kvartira-1-etazh-podval-yangi-dom-6-mikr-32-maktab-ID42I3K.html
Jismoniy shaxs,Ikkilamchi bozor,3,72,2,4,Gʻishtli,Alohida ajratilgan,Alohida,Ha,"Internet, Konditsioner, Oshxona, Balkon","Kasalxona, poliklinika, Maktab, Bolalar maydonchasi, Bolalar bogʻchasi, Bekatlar, Park, yashil zona, Koʻngilochar muassasalar, Restoran, kafelar, turargoh, Supermarket, doʻkonlar",Yo’q,TavsifПродается квартира 3х ком 72кв мБез ремонта с мебелью  2балкона две кладовые дом кирпичный 4этажка на втором этаже . не серьезным не беспокоитьБектемирский район улица Олтин топкан,,https://www.olx.uz/d/oz/obyavlenie/prodaetsya-kvartira-3x-komnatnaya-ID44AYM.html
Biznes,Ikkilamchi bozor,3,77,3,4,Gʻishtli,Alohida ajratilgan,Alohida,Yoʻq,,"Restoran, kafelar, Bolalar bogʻchasi, Bekatlar, Park, yashil zona, Kasalxona, poliklinika, Koʻngilochar muassasalar, Maktab, Bolalar maydonchasi",Yo’q,"TavsifПРОДАЁТСЯШота РуставелиОр-р: Океан напротив Modera TowerДвор ЗакрытыйКомнат: 3Этаж: 3Этажность дома: 5Площадь: 77кв.м по кадаструЕВРО Ремонт С Мебелью и ТехникойЕсть открытый Балкон/ Двухсторонняя квартираСвой гараж с кадастромВ квартире: сигнализация, камеры по периметру.Подъезд чистый аккуратныйЦена: 123.000$ торг уместенТел +998900070022",,https://www.olx.uz/d/oz/obyavlenie/prodazha-shota-rustaveli-or-r-okean-naprotiv-modera-tower-3-3-5-77m2-ID46fTd.html
Jismoniy shaxs,Yangi qurilgan uylar,2,40,9,9,,Alohida ajratilgan,Aralash,Ha,,,Yo’q,TavsifYunusobod tumani Abdulla Kadiriy kochasi40 kv m,,https://www.olx.uz/d/oz/obyavlenie/sotaman-ozimni-ujim-ID46fTb.html
Jismoniy shaxs,Yangi qurilgan uylar,2,86,6,6,Gʻishtli,Alohida ajratilgan,Aralash,Ha,Internet,"Kasalxona, poliklinika, Maktab, Bolalar maydonchasi, Bolalar bogʻchasi, Bekatlar, Park, yashil zona, Koʻngilochar muassasalar, Restoran, kafelar, turargoh, Supermarket, doʻkonlar",Yo’q,TavsifЯнги кирпичный домда 2 хонали квартира сотилади уй жудаям шинам ва катта бемалол 3 хоналик килса хам булади 2 та балкон 2 томонда тоза ремонт булган шинам уй мактаб болалар богчаси салон аптека ва супер маркет кафелар хаммаси домнинг олдида жойлашган  хуллас мазза килади олган одам мурожат учун телефон 906127780,,https://www.olx.uz/d/oz/obyavlenie/2-xonali-kvartira-sotiladi-shark1-ID461Ps.html
Jismoniy shaxs,Ikkilamchi bozor,3,73,7,9,Panelli,Alohida ajratilgan,Alohida,Ha,"Internet, Telefon, Muzlatkich, Televizor, Konditsioner, Kabelli TV, Kir yuvish mashinasi, Oshxona, Balkon","Kasalxona, poliklinika, Maktab, Bolalar maydonchasi, Bolalar bogʻchasi, Bekatlar, Park, yashil zona, Koʻngilochar muassasalar, Restoran, kafelar, turargoh, Supermarket, doʻkonlar",Yo’q,"TavsifПродаю свою 3-х комнатную квартиру - (вторичка)3/7/9Удобное расположение: Яшнабадский район, Асалобод 2, рядом базар Кадышева, поликлиника, детский сад 143, школа 149, 226, метро Дустлик, Машинасозлар, ТехнопаркКомнат: 3 (раздельные) (Французская планировка)Площадь: 73 м2Санузел: 1 (раздельные)Состояние: КосметическийЕсть: Балкон 0.9*7,7, новый лифт, не торецКвартира частично с мебелью: прихожая, кухня, 2-кондиционера, стиральная машина, заходи и живи.Цена: 70 000 $. Собственник - Лиля +99894 699 77 123 xonali kvartiramni sotaman - (ikkinchi darajali)3/7/9Joylashuvi qulay: Yashnobod tumani, Asalobod 2, Qadishev bozori, poliklinika, 143-bog'cha, 149, 226-maktab, Do'stlik m., Mashinazozlar, Texnopark.Xonalar: 3 (alohida) (frantsuzcha tartib)Maydoni: 73 m2Hammom: 1 (alohida)Holati: KosmetikU erda: Balkon 0,9 * 7,7, yangi lift, oxiri emasKvartira qisman jihozlangan: koridor, oshxona, 2 ta konditsioner, kir yuvish mashinasi, kiring va yashang.Narxi: 70 000$. Egasi - Liliya +99894 699 77 12",,https://www.olx.uz/d/oz/obyavlenie/prodayu-svoyu-3-x-komn-kvartiru-yashnabadskij-rajon-ID41lz1.html
Biznes,Yangi qurilgan uylar,1,30,5,20,Monolitli,Koʻp darajali,Alohida,Yoʻq,"Internet, Telefon, Muzlatkich, Televizor, Konditsioner, Kabelli TV, Kir yuvish mashinasi, Oshxona, Balkon","Kasalxona, poliklinika, Maktab, Bolalar maydonchasi, Bolalar bogʻchasi, Bekatlar, Park, yashil zona, Koʻngilochar muassasalar, Restoran, kafelar, turargoh, Supermarket, doʻkonlar",Yo’q,"TavsifУсловия покупки:– Рассрочка до 72 месяцев без процентов– Скидки до 20% при полной оплате– Бытовая техника в подарок при 100% оплате– Гибкие варианты планировок и этажейО комплексе Maljaan Residence:– 12 жилых блоков на площади 2,2 гектара– 18-20 этажные дома с монолитно-каркасной технологией– Потолки до 3 метров — светлые и просторные квартиры– 3-уровневая подземная парковка– Современные скоростные лифты– Офисные и торговые помещения на территории комплекса– Отдельные бассейны для мужчин и женщин– Фитнес-центр и оздоровительный зал прямо в комплексе– Детские игровые площадки возле каждого блока– Круглосуточная охрана, видеонаблюдение, закрытая территория– Магазины, кафе, аптеки — всё на территории– Удобное расположение: рядом школа №319, садик №58, больница и остановки транспортаКомплекс спроектирован для комфортной городской жизни с акцентом на безопасность, семейные ценности и высокое качество строительства.Продажа напрямую от застройщика, без посредников и переплат.",,https://www.olx.uz/d/oz/obyavlenie/centr-goroda-kvartira-v-maljaan-residence-rassrochka-bez-ID459ii.html
Jismoniy shaxs,Yangi qurilgan uylar,1,2,2,5,Gʻishtli,Aralash-alohida,2 va undan koʻp sanuzel,Ha,"Telefon, Kabelli TV, Internet, Konditsioner, Televizor, Oshxona, Muzlatkich, Kir yuvish mashinasi",,Bor,TavsifKvartira sotiladi  hamma sharoitga ega 1  1-xonalik 42 km2 Manzil Guliston most mostdan o'tib 61 avto bazaga bormasdan yo'l yoqasida narxi 32000 aqsh dollars kelishamiz 902994635,,https://www.olx.uz/d/oz/obyavlenie/kvartira-sotiladi-ID3Kg5v.html
Biznes,Ikkilamchi bozor,2,58,2,9,Monolitli,Alohida ajratilgan,Alohida,Ha,"Telefon, Kabelli TV, Internet, Konditsioner, Balkon, Televizor, Oshxona, Muzlatkich, Kir yuvish mashinasi","Bolalar maydonchasi, Maktab, Koʻngilochar muassasalar, Kasalxona, poliklinika, Supermarket, doʻkonlar, Park, yashil zona, Bekatlar, turargoh, Bolalar bogʻchasi, Restoran, kafelar",Yo’q,TavsifЧиланзар 20А2\2\9С ремонтомРазделкаПлощадь 58м²Ориентир Хамкор БанкЦена 60.500$,,https://www.olx.uz/d/oz/obyavlenie/razdelka-58m-chilonzor-20a-2-2-9-kvartira-sotiladi-ID452iu.html
Biznes,Yangi qurilgan uylar,6,126,7,8,Gʻishtli,Koʻp darajali,2 va undan koʻp sanuzel,Yoʻq,"Internet, Telefon, Kabelli TV, Balkon","Kasalxona, poliklinika, Maktab, Bolalar maydonchasi, Bolalar bogʻchasi, Bekatlar, Park, yashil zona, Koʻngilochar muassasalar, Restoran, kafelar, turargoh, Supermarket, doʻkonlar",Yo’q,"TavsifПродается: 6-комнатная квартира-дуплекс в ЖК Palazzo (Мирзо-Улугбекский район)Представляем к продаже просторную 6-комнатную квартиру-дуплекс в жилом комплексе Palazzo от застройщика Grand Capital. У этой квартиры есть кадастр, что гарантирует юридическую чистоту и безопасность сделки.Обзор квартирыКомнаты: 6, что идеально подходит для большой семьи или тех, кто ищет максимум пространства.Этаж: Расположена на 7-м и 8-м этажах 8-этажного кирпичного дома. Это дуплекс – двухуровневая квартира, предлагающая ощущение частного дома в многоквартирном комплексе.Площадь: Внушительные 126 м², предоставляющие огромный простор для реализации ваших дизайнерских идей.Ремонт: Квартира продается в состоянии черновой отделки. Это идеальный вариант для тех, кто хочет создать интерьер своей мечты с нуля, выбирая все материалы и дизайн по собственному вкусу.Санузлы: 2 санузла значительно повышают удобство для всех проживающих.Тип строения: Дом кирпичный, что обеспечивает отличную тепло- и звукоизоляцию, а также долговечность конструкции.МестоположениеЖилой комплекс Palazzo находится в Мирзо-Улугбекском районе, в районе с развитой инфраструктурой. Среди ключевых ориентиров:Улица Ахмада ЮгнакиМестный рынокМикрорайон ТТЗЭти ориентиры указывают на удобное расположение с легким доступом к торговым точкам и жилым массивам.ЦенаСтоимость данной квартиры составляет 82 010 у.е.Контактная информацияДля получения дополнительной информации или организации просмотра, пожалуйста, свяжитесь с Равшаном по телефону: +99877 2533300.Эта просторная 6-комнатная квартира-дуплекс ждет своего нового владельца. Готовы создать дом вашей мечты?",,https://www.olx.uz/d/oz/obyavlenie/mirzoulugbekpalazzo-5-6k-kvartira-dupleks-korobka-axmadayunaki-ttz-ID45Qlz.html
Jismoniy shaxs,Yangi qurilgan uylar,1,45,4,5,Gʻishtli,Studiya,Aralash,Ha,"Konditsioner, Internet, Oshxona, Kabelli TV","Maktab, Supermarket, doʻkonlar, Park, yashil zona, Kasalxona, poliklinika, turargoh, Bekatlar, Bolalar bogʻchasi, Restoran, kafelar, Bolalar maydonchasi, Koʻngilochar muassasalar",Yo’q,"TavsifСтудия дизайнерский, квартира своя, Ввод есть, готова для нотариуса, 43кв,4 этаж.Вся техника,строй материалы, оборудование НЕ ДЕШЁВЫЕ.В квартире  имеется тёплый  пол.Пожалуйста,  звоните строго по делу.адрес: 5 микрорайон Богдаш.",,https://www.olx.uz/d/oz/obyavlenie/kvartira-lyuks-studiya-ID3Fnym.html
Jismoniy shaxs,Yangi qurilgan uylar,2,46,2,7,Gʻishtli,Aralash-alohida,Aralash,Ha,"Internet, Telefon, Muzlatkich, Televizor, Konditsioner, Kabelli TV, Kir yuvish mashinasi, Oshxona, Balkon","Kasalxona, poliklinika, Bolalar maydonchasi, Bolalar bogʻchasi, Bekatlar, Park, yashil zona, Koʻngilochar muassasalar, Restoran, kafelar, turargoh, Supermarket, doʻkonlar, Maktab",Bor,"TavsifПродаю свою 2 комнатную квартиру 46 квадрат 2 этаж, новостройка рядом метро, школа, садик, продуктовый рынок, авто рынок, поликлиника, бассейн все доступноЦена 51 000$ договорная97 442 04 09",,https://www.olx.uz/d/oz/obyavlenie/prodaetsya-2kom-kvartira-sergeli-6a-kvartal-ID46fSO.html
Biznes,Ikkilamchi bozor,3,72,3,3,Gʻishtli,Alohida ajratilgan,Alohida,Ha,"Internet, Telefon, Oshxona, Balkon",,Yo’q,TavsifПродаю 3 ком квартира на 3 этаже 3 этажного дома. Квартира в чистый хорошей состоянии можно зайти жить обш плошдь 72 кв. Комната разделение санузел разделение есть балкон. Подробности по телефону звоните.99 8097771.,,https://www.olx.uz/d/oz/obyavlenie/prodayu-3-kom-kvartira-na-3-etazhe-3-etazhnogo-doma-dubovyj-ID3ZCrq.html
Biznes,Ikkilamchi bozor,1,20,4,4,Gʻishtli,,Aralash,Ha,"Internet, Muzlatkich, Televizor, Konditsioner, Kabelli TV, Kir yuvish mashinasi, Oshxona","Kasalxona, poliklinika, Maktab, Bolalar maydonchasi, Bolalar bogʻchasi, Bekatlar, Park, yashil zona, Koʻngilochar muassasalar, Restoran, kafelar, turargoh, Supermarket, doʻkonlar",Yo’q,"TavsifПродаётся 1 комнатная 20м²Семейное общежитие с условиямиСанузел совмещён внутриИмеется мебель и бытовая техника, холодильник, кондиционер, стиральная машина, телевизор.После ремонтаПодробная информация по телефону +998903716922",,https://www.olx.uz/d/oz/obyavlenie/shota-rustaveli-orientir-askiya-bazar-1-komnatnaya-20m-ID42naz.html
Biznes,Yangi qurilgan uylar,1,49.90,8,16,Monolitli,,,Yoʻq,Balkon,"Kasalxona, poliklinika, Maktab, Bolalar maydonchasi, Bolalar bogʻchasi, Bekatlar, Park, yashil zona, Koʻngilochar muassasalar, Restoran, kafelar, turargoh, Supermarket, doʻkonlar",Yo’q,"TavsifЖК «Туркистан» — это современный жилой комплекс в стиле хай-тек с базальтовым фасадом по привлекательным ценам с широким выбором больших и маленьких квартир!Жилой комплекс будет включать в себя 16 этажный дом с 8 подъездами, в каждом из которых будет просторная лестничная площадка с двумя бесшумным лифтами. Общая площадь комплекса составляет 70 соток, а площадь застройки — 30 соток.ЖК «Туркистан» предоставит квартиру на любой вкус, от однокомнатных, при этом просторных квартир до 5-комнатных квартир, каждая из которых станет уютным и просторным домом с высокими потолками.В каждой квартире будут установлены:- Входная дверь- Пластиковые окна- Межкомнатные перегородки- Пол и потолок монолит- Коммуникации (стояки, счётчики).Также на территории ЖК «Туркистан» будут доступны подземная и наземная автостоянки с перегородками (240 мест и 70 мест).Более того, каждая квартира будет иметь балкон шириной в 1,20 см.Можете приобрести в рассрочку до 30 месяцевСдача комплекса запланирована на 4 квартал 2026 года.Звоните+998994674499 Влад",,https://www.olx.uz/d/oz/obyavlenie/odnokomnatnaya-kvartira-49-9m2-33-600-ID452ij.html
Biznes,Ikkilamchi bozor,3,72,7,9,Panelli,Alohida ajratilgan,,Ha,,,Yo’q,"TavsifВТОРИЧКА 3/7/9 ОЙБЕКор-р кафе ""ТОЧКА вкусаРядом гостиница РоссияМИРАБАДСКИЙ районФранцузская плани-каПлощадь: панель 75м2Состояние: Евро ЛЮКСУкомплектована/новаяМебелью и ТЕХНИКОЙЦЕНА: 149.000у.е+998332092929+998909553948",,https://www.olx.uz/d/oz/obyavlenie/prodayotsya-kvartira-3-7-9-vtorichka-ajbek-gost-rossiya-evro-ID45rhf.html
Biznes,Ikkilamchi bozor,2,48,4,4,Panelli,Aralash,Alohida,Ha,"Internet, Telefon, Muzlatkich, Televizor, Konditsioner, Kabelli TV, Kir yuvish mashinasi, Oshxona, Balkon","Kasalxona, poliklinika, Maktab, Bolalar maydonchasi, Bolalar bogʻchasi, Bekatlar, Park, yashil zona, Koʻngilochar muassasalar, Restoran, kafelar, turargoh, Supermarket, doʻkonlar",Yo’q,"TavsifПродажа 2в3/4/4 массив ФерузаМирзо Улугбекский районПеределана в 3 комнатную квартируКвартира с ремонтомКомнаты смежныеСанузел раздельныйБалкон 1,5х3мПлощадь: 48 кв/мОриентир: 223-школа, 221-школаЦена: 47.000 уеПодробная Информация По Телефону:983355797",,https://www.olx.uz/d/oz/obyavlenie/prodazha-2v3-4-4-feruza-ekobazar-s-evroremontom-47-000ue-balkon-1-5x3-ID44STT.html
Jismoniy shaxs,Ikkilamchi bozor,2,54,4,4,Gʻishtli,Aralash,Aralash,Ha,"Muzlatkich, Konditsioner, Oshxona, Balkon",,Yo’q,"TavsifЯшнобадский районКирпичный домВторичный.2х комнатная квартира.Ремонт  средний.Три  балкона.Всё  в шаговой доступности ( сад,  школа,  супермаркеты,  кафе-рестораны,  рынок  Кадышева)Возможен  торг.Звонить :91.164446490.9306437Без посредника!",,https://www.olx.uz/d/oz/obyavlenie/prodaetsya-kvartira-s-mebelyu-ID45GWS.html
Biznes,Yangi qurilgan uylar,1,30,2,16,Monolitli,,,Yoʻq,Balkon,"Kasalxona, poliklinika, Maktab, Bolalar maydonchasi, Bolalar bogʻchasi, Bekatlar, Restoran, kafelar, turargoh, Supermarket, doʻkonlar",Yo’q,"Tavsif1 комнатная квартира в новостройке — 30 м²- Площадь: 30м²- Этаж: 2 из 16- Кадастр на дом получен*Удобное расположение — до метро Туркистон всего 1,2 кмПодойдёт для жизни, аренды или инвестиций.Звоните или пишите — покажем в удобное время!+998994674499 Влад+998951220209 Диана",,https://www.olx.uz/d/oz/obyavlenie/30m2-v-gotovoj-novostrojke-za-34-700-ID45aNT.html
Biznes,Yangi qurilgan uylar,2,72,5,9,Gʻishtli,Alohida ajratilgan,Alohida,Yoʻq,"Internet, Telefon, Kabelli TV, Balkon","Kasalxona, poliklinika, Maktab, Bolalar maydonchasi, Bolalar bogʻchasi, Bekatlar, Park, yashil zona, Koʻngilochar muassasalar, Restoran, kafelar, turargoh, Supermarket, doʻkonlar",Yo’q,"TavsifKompak House kompaniyasida xonadon olin sovg'a uchun kobalt mashinasi beriladishartlarimizolgan xonadoningiz uchun bosh to'lov 150 mln to'lang va latatron o'yinimizda qatnashingxonadonlar soni cheklanganbu aksiya faqat 10 ta xonadon egasi uchun bo'lib o'tadiBatafsil ma’lumot uchun telefon raqamlarimizga murojaat qiling.+998(94)411-33-33+998(77)253-03-30Toshkent viloyati, Yangiyo'l shahri, Qo'chqarova 98",,https://www.olx.uz/d/oz/obyavlenie/kobalt-avtomashinasi-sovga-uchun-beriladi-ID43Sel.html
Biznes,Ikkilamchi bozor,3,72,2,5,Gʻishtli,Alohida ajratilgan,Aralash,Yoʻq,"Telefon, Internet, Balkon, Oshxona, Konditsioner","Bolalar maydonchasi, Maktab, Koʻngilochar muassasalar, Kasalxona, poliklinika, Supermarket, doʻkonlar, Park, yashil zona, Bekatlar, turargoh, Bolalar bogʻchasi, Restoran, kafelar",Yo’q,TavsifПродаю 3 ком квартира на 2 этаже 5 этажного дома. Квартира в чистый хорошей состоянии можно зайти жить комната разделение прихожка квадратных балкон 2×6. Место расположен хорошей орентыр базар Кадышва. Подробности по телефону звоните 998 99 809-77-71.,,https://www.olx.uz/d/oz/obyavlenie/prodayu-3-kom-kvartira-na-2-etazhe-5-etazhnogo-doma-aviosozlar-2-ID452ie.html
Biznes,Yangi qurilgan uylar,2,47,11,13,,,,Ha,,,Yo’q,TavsifНОВОСТРОЙКА 2/11/13ЖК MEGA TOWERЮнусабадский районОриентир Mega PlanetПлощадь: 47м2Состояние: евроремонтМебель и техникаЦЕНА: 70 000 у.е. Без торга СРОЧНО+998978770077 Алексей,,https://www.olx.uz/d/oz/obyavlenie/srochno-novostrojka-yunusabad-13kv-1-kom-47m2-evrolyuks-ID45rha.html
Biznes,Yangi qurilgan uylar,2,47.10,11,16,Monolitli,Alohida ajratilgan,Aralash,Yoʻq,Balkon,"Maktab, Bekatlar, Restoran, kafelar, turargoh",Yo’q,"TavsifTURKISTON AVENUE турар-жой мажмуаси, 3-босқич100% tolovda 381.321.600 12% skitka bn433.320.000 opshi summa108.330.000 25% boshlangʻich tolov8.124.750 40 oyga boʻlib tolashУй класи: КомфортБўлиб тўлаш муддати: 40 ойгачаБошланғич тўлов: 25% данТўхташ жойи: Ер ости (200 ўрин)Тўхташ жойи: Ер усти (100 ўрин)Топшириш муддати: 2028-йил II чоракҚаватлар сони: 16 қаватШифт баландлиги: 2,9 мҲовли жиҳозланиши:Кириш эшигиТашқи ойна блоклариДевор бўлимлариЁпиқ таъмир ишлариЎрнатилган ҳисоблагичларАсосий қурилиш материаллари: монолит каркас, газоблок тўлдириш, монолит устки ёпмалар.Мажмуа тузилиши: 16 қават, 5 блок, 10 кириш жойи.Жами майдони: 1 гектар.",,https://www.olx.uz/d/oz/obyavlenie/navastroykadan-2-xona-47m2-bosh-tolov-25-bilan-40-oyga-xarid-qilin-ID419q8.html
Biznes,Yangi qurilgan uylar,1,29.50,8,16,Monolitli,,Aralash,Yoʻq,,,Yo’q,TavsifТуркистон авеню турар жой мажмуасида янги  Катлаван сотуви очилди ва янги акция бошланди хонадон харид килиб 2 чи хонадонни совга сифатида ютиб олиш29 м2 дан 100 м2 гача хонадонлар сотиб олишингиз мумкинБошлангич 50 та хонадон учун  Супер акцияБошлангич 25% тулов килиб колган суммасини  40 ойга болиб тулашингиз мумкин1 хона 29.5 м2Умумий нархи  266.208.000 сумБошлангич 25% 106.480.000 сумХар ой 40 ойга 3.994.000 сумдан тулаб берасизМанзил: Юнусабод худуди Уч кахрамон кругига йетмасдан Сабзавот арка,,https://www.olx.uz/d/oz/obyavlenie/turkiston-navastrojkasi-yangi-katlavan-sotuvi-ochildi-25-tolovda-108-ID3YOqp.html
Biznes,Yangi qurilgan uylar,3,81,7,12,,,Alohida,Ha,"Kir yuvish mashinasi, Muzlatkich, Oshxona, Televizor, Balkon, Konditsioner, Internet, Kabelli TV",,Yo’q,TavsifПремиальная новостройкаОт Golden HouseMirabad AvenueЭксклюзивАвторский  качественный ремонтТретья линияОбщая площадь 81 м2Количество комнат 3Этаж 7Этажность 12Полностью укомплектованаМебелью и техникой  BoschСтиральная и сушильнаяПосудомоечная машиныЦена 320000 минимальный торг на месте+998903224824,,https://www.olx.uz/d/oz/obyavlenie/mirabad-avenyu-3-komn-eksklyuziv-remont-ID45TY9.html
Jismoniy shaxs,Ikkilamchi bozor,3,78,4,5,Panelli,Alohida ajratilgan,Aralash,Ha,"Internet, Telefon, Televizor, Oshxona, Balkon","Kasalxona, poliklinika, Maktab, Bolalar bogʻchasi, Bekatlar, Koʻngilochar muassasalar, turargoh, Supermarket, doʻkonlar",Yo’q,TavsifПродаётся квартира на массиве Карасу 6Комнат: 3Этаж: 4Этажность: 5Площадь: 78м2Ориентир: МакроКомнаты раздельныеСанузел совмещенныйБалкон 2*6 объединён с гостинойЦена: 85.000$Подробности по телефону:+998997573380 Бек,,https://www.olx.uz/d/oz/obyavlenie/prodayotsya-3-4-5-na-m-v-karasu-6-ID441Fk.html
Biznes,Ikkilamchi bozor,3,68,2,4,Gʻishtli,,Aralash,Ha,"Oshxona, Balkon","Maktab, Bolalar maydonchasi, Bolalar bogʻchasi, Bekatlar, Park, yashil zona, Koʻngilochar muassasalar, Restoran, kafelar, turargoh, Supermarket, doʻkonlar",Yo’q,"TavsifПродаётся 3х комнатная квартира, в Мирзо-Улугбекскском районе, на массиве Ялангач, ориентир Дом быта, бывшая Налоговая инспекция !Тип строения кирпич.Общая площадь 68м2.Болкон 2×6.Санузел смежные.НЕ ТОРЕЦ !Цена 71000 у.е. не большой торг на месте !ИПОТЕКА ЕСТЬ !Телефон 998881582535",,https://www.olx.uz/d/oz/obyavlenie/prodayotsya-3-2-4-massiv-yalangach-or-r-dom-byta-ipoteka-ID44L6l.html
Biznes,Yangi qurilgan uylar,2,50,3,4,,,,Yoʻq,,,Yo’q,TavsifПосредникам просьба не беспокоить.Рады предложить большой выбор 2-комнатных квартир.,,https://www.olx.uz/d/oz/obyavlenie/prodaetsya-2-komnatnaya-na-feruze-ID3N0pv.html
Biznes,Ikkilamchi bozor,2,62,4,5,Panelli,Alohida ajratilgan,Alohida,Ha,"Muzlatkich, Televizor, Konditsioner, Kir yuvish mashinasi, Oshxona, Balkon","Kasalxona, poliklinika, Maktab, Bolalar maydonchasi, Bolalar bogʻchasi, Bekatlar, Park, yashil zona, Koʻngilochar muassasalar, Restoran, kafelar, turargoh, Supermarket, doʻkonlar",Yo’q,"Tavsif-450 долларга арендатори бор-мебел техникалари билан (2 та кондиционер, 1 та кир ювиш машинка, микроволновка, спалний кроват, диван, кухинний уголок ва бошқалар)-манзил Юнусобод 9 квартлда Сетор карзинка;-2 хонали 62 квадратли улучшенка;-хоналар, туалет ва ванна аолҳида;-2 та балкон, ўлчамлари 2х3 размерда;-ремонтли;-450 долларга арендада квартиранти бор;-259-мактаб рўпарасида, боғча яқин;-атрофда яшил ва айланиш зоналар мавжуд;-Magnit ва Megoplanet бизнес центр ва юнусрбод метроси яқин;-ипотека кредит оркалиям сотилади;-қолган маълумотлар телефон орқали.",,https://www.olx.uz/d/oz/obyavlenie/svoya-yunusabod-9-2-kom-setor-karzinka-remontli-ipotekagayam-sotaman-ID43bo4.html
Biznes,Ikkilamchi bozor,1,36,3,4,Panelli,,Alohida,Ha,,,Yo’q,TavsifПродаю квартиру1/3/4Панельный36 м2 .Балкон 1.5 на 3Состояния чистая42.800Можно в ипотекуЯлангачОриентир институт Культуры903237765Фуркат,,https://www.olx.uz/d/oz/obyavlenie/yalangach-institut-kultury-mozhno-v-ipoteku-ID41iic.html
Jismoniy shaxs,Ikkilamchi bozor,1,33,2,4,Gʻishtli,,,Yoʻq,,,Bor,TavsifПродам своя 1в2 квартира Чиланзар 2 улица Чупон Ота ( валгаградские)1-2/2/4 балкон 120-3Метро 10 минут БунедккорРядом парк Гофур ГуломОриентир стадион бунедкорЧилонзор тумани Чупон рта кучами 2 квартал да ай сотами узимни уйм зор жойда жойлашган Метро Бунедкор олдина парк Гофур Гулом обида1-2/2/4Балкон 1:5-3Келшамз,,https://www.olx.uz/d/oz/obyavlenie/prodam-svoya-1v2-komnat-chilanzar-metro-bunedkor-ID43Wrc.html
Biznes,Yangi qurilgan uylar,1,37,1,9,,Alohida ajratilgan,,Yoʻq,,"Kasalxona, poliklinika, Maktab, Bolalar maydonchasi, Bolalar bogʻchasi, Bekatlar, Park, yashil zona, Koʻngilochar muassasalar, Restoran, kafelar, turargoh, Supermarket, doʻkonlar",Yo’q,"TavsifДиққат! Бошлангич тўлов 30% билан хонадон харид қилинг!Шошилинг сони чегераланган!Тўйтепа - ""Nurafshon Modern House"" TJMТошкент вилоятининг маркази “Nurafshon city” да жойлашганМўлжал: Президент мактаби, Алоқа Институти ва IT Park+998944006600Телеграм каналt.me/nurafshon_modern_houseА К Ц И Я- Бошланғич тўлов - 30%- Муддатли тўлов - 36 ойга- Кредит - 0 %- Чегирма 20 % гача- 235000.000 сўмгача фойда билан квартираларни харид қилинг!1️- хонали 37м², 43,56 м², 45м², 52 м²2️- хонали 62м², 64,56 м², 68,56м², 70,64м², 82,45м², 83,40м²3️- хонали 74,64м², 77,56 м², 80,56м², 104,97 м²4- хонали 130,74 м²- Биринчи қават савдо дўконлари- “Nurafshon city” да жойлашган- Қулай ва тартибли хонадонлар (планировка квартиры)- Террасали ва дуплекс хонадонлар- Уйнинг ташқи фасади керамогранит- Монолит қурилиш- Ички йулаклар мрамор ва керамагранитдан-Понарамли ойна ва эшиклар- Замонавий катта автаномный лифтлар. Свет ўчса ҳам ишлайди. (Грузоподъёмность 1200кг.)- Ташқи фасади икки қаватли изолятция- Автоном иситиш тизими. Италия- Шифт баландлиги 3.10 метр- Томда қўшимча электр қуёш панеллариКвартираларни олдиндан 30% тўлов билан, муддатли тўлов асосида фоизсиз харид қилинг ва ""Nurafshon city""да истиқомад қилувчилардан бўлинг!Бизнинг мажмуамиз ёпиқ турдаги бўлиб- Қоравулхона- Шлагбаум- Видео кузатув 24/7- Замонавий болалар майдончаси- Кўкаламзор ҳовли- Рангли фавворалар- Беседка- Авто тураргоҳларМавжуд бўлади.- Зилзила бардошлиги 9 балл- Қурилиш якунланиши 2025 йил I квартал- Нархлар 6.080.000 дан бошланади 100% тўлов асосида""Nurafshon Modern House"" TJM+998944006600Телеграм каналt.me/nurafshon_modern_house",,https://www.olx.uz/d/oz/obyavlenie/arzon-narxlarda-kvartiralar-shoshiling-soni-cheklangan-nurafshon-city-ID3RqDO.html
Jismoniy shaxs,Yangi qurilgan uylar,2,77,2,5,Gʻishtli,Alohida ajratilgan,Alohida,Ha,"Internet, Muzlatkich, Televizor, Konditsioner, Kabelli TV, Kir yuvish mashinasi, Oshxona, Balkon","Kasalxona, poliklinika, Maktab, Bolalar maydonchasi, Bolalar bogʻchasi, Bekatlar, Koʻngilochar muassasalar, Restoran, kafelar, turargoh, Supermarket, doʻkonlar",Bor,"TavsifShinam va Qulay Hayot Uchun Ajoyib Tanlov2-xonali yorug‘ va zamonaviy uy – 2-qavatda, markazga yaqin!Shaharning markaziga yaqin joylashgan ushbu 2-xonali uy sizga qulaylik, osoyishtalik va zamonaviy hayotni taklif etadi. Uy 2-qavatda joylashgan bo‘lib, na baland, na past – har kuni ko‘tarilish charchatmaydi, havosi esa toza va yoqimli.Uyning afzalliklari:Keng va yorug‘ xonalar – dam olish va ishlash uchun qulay muhitZamonaviy ta'mirlangan oshxona va vannaxonaTozaligi, osoyishtaligi va tartibi bilan ajralib turadiYaxshi shamollatiladi, tabiiy yorug‘lik yetarli darajadaIchki hovlisi sokin, qo‘shnilar xushmuomala2-qavat – qulay va xavfsizJoylashuv:Uy shaharning markaziga juda yaqin joyda joylashgan bo‘lib, atrofda maktab, bog‘cha, do‘konlar, poliklinika va jamoat transporti bor. Ishga, o‘qishga, bozorga borish uchun ideal hudud.Xulosa qilib aytganda, bu uy – sokin, qulay va markaziy hayotni istaganlar uchun ayni muddao. Unda yashash – qulaylik va shinamlik bilan yashash demak.",,https://www.olx.uz/d/oz/obyavlenie/2-qavatdagi-2-xonali-uy-sotiladi-ajoyib-dizaynda-va-ajoyib-narxda-ID45Qyl.html
Jismoniy shaxs,Yangi qurilgan uylar,3,68,4,5,Gʻishtli,Alohida ajratilgan,Alohida,Yoʻq,,"Bolalar maydonchasi, Restoran, kafelar, Kasalxona, poliklinika, Maktab, Park, yashil zona, Bekatlar, Supermarket, doʻkonlar, Bolalar bogʻchasi, turargoh",Yo’q,TavsifКвартира в хорошем состоянииИмеется обмен,,https://www.olx.uz/d/oz/obyavlenie/prodaetsya-kvartira-ID3Z3D0.html
Biznes,Ikkilamchi bozor,1,42,1,7,Gʻishtli,,Aralash,Ha,"Internet, Telefon, Muzlatkich, Televizor, Konditsioner, Kabelli TV, Kir yuvish mashinasi, Oshxona, Balkon","Kasalxona, poliklinika, Bolalar maydonchasi, Bolalar bogʻchasi, Bekatlar, Park, yashil zona, Koʻngilochar muassasalar, Restoran, kafelar, turargoh, Supermarket, doʻkonlar, Maktab",Yo’q,TavsifЧиланзар 13 КварталНовостройка1в2\1\7Евроремонт с мебелью и техникойПлощадь 42м²Ориентир Чуст ЧойхонаЦена 57.000$Звоните по номеру +998992843233.Или напишите в телеграм!,,https://www.olx.uz/d/oz/obyavlenie/novostrojka-42m-chilanzar-13-kvartal-1v2-1-7-prodayotsya-evroremont-kv-ID45QkH.html
Biznes,Ikkilamchi bozor,1,25,2,3,Gʻishtli,,Aralash,Yoʻq,"Oshxona, Balkon","Maktab, Bolalar maydonchasi, Bolalar bogʻchasi, Bekatlar, Park, yashil zona, Koʻngilochar muassasalar, Restoran, kafelar, turargoh, Supermarket, doʻkonlar",Yo’q,"TavsifПродам одна комнатную квартиру, в Мирзо-Улугбекскском районе, на Академ городок, ул. Олимлар !Тенистый, зелёный, тихий двор !Телефон 998881582535",,https://www.olx.uz/d/oz/obyavlenie/prodam-1-2-3-akadem-gorodok-ul-olimlar-ID44uuE.html
Jismoniy shaxs,Ikkilamchi bozor,3,70,2,4,Panelli,Alohida ajratilgan,Alohida,Yoʻq,"Internet, Konditsioner, Kabelli TV, Oshxona, Balkon","Kasalxona, poliklinika, Bolalar maydonchasi, Bolalar bogʻchasi, Bekatlar, Park, yashil zona, Koʻngilochar muassasalar, Restoran, kafelar, turargoh, Supermarket, doʻkonlar, Maktab",Yo’q,"TavsifПродаю свою квартиру на Ташсельмаше. Дом в хорошем месте расположен. Четырех этажный дом, на втором королевском этаже. Не зеркалка, комнаты раздельные, сан узел раздельный, квадратный коридор, квартира сквозная с двух сторон идёт воздух. Приятный, спокойный двор.Хорошая локация. В любую точку города проезжает транспорт. Рядом капиталбанк, за дорогой парк Ашхабад и райздрав. Остановка 4 мин, метро 10 мин. от дома. До старого ТашМИ 500 метров от дома.Для удобства есть всёПод ипотеку тоже можноОт собственника",,https://www.olx.uz/d/oz/obyavlenie/3-komnatnaya-kvartira-ryadom-kapitalbank-park-ashxabad-ipoteka-est-ID3PCgV.html
Jismoniy shaxs,Ikkilamchi bozor,3,80.76,2,9,Panelli,Alohida ajratilgan,,Yoʻq,,,Yo’q,TavsifПродаю свою квартиру на втором этаже девяти этажного дома напротив Аква Медлайн. Перекресток Орзу. Свежий евроремонт. Продаю срочно всвязи с переездом.Кухонная мебель остаётся.,,https://www.olx.uz/d/oz/obyavlenie/svoya-3x-kom-kv-akfa-medline-orzu-beruni-farobi-ID44xuM.html
Biznes,Ikkilamchi bozor,3,75,7,9,,,Alohida,Ha,,,Yo’q,"TavsifВТОРИЧКА 3/7/9 ОЙБЕКор-р кафе ""ТОЧКА вкусаРядом гостиница РоссияМИРАБАДСКИЙ районФранцузская плани-каПлощадь: панель 75м2Состояние: Евро ЛЮКСУкомплектована/новаяМебелью и ТЕХНИКОЙЦЕНА: 149.000у.е+998978770077 Алексей",,https://www.olx.uz/d/oz/obyavlenie/metro-ojbek-3-7-9-tochka-vkusa-75m2-ID45rgD.html
Biznes,Ikkilamchi bozor,3,90,3,9,,,,Ha,"Internet, Telefon, Televizor, Oshxona, Balkon","Kasalxona, poliklinika, Maktab, Bolalar maydonchasi, Bolalar bogʻchasi, Bekatlar, Park, yashil zona, Koʻngilochar muassasalar, Restoran, kafelar, turargoh, Supermarket, doʻkonlar",Bor,TavsifАлгаритим   3/3/9  чистый ремонт   Алгаритим   3/3/9  чистый ремонт,,https://www.olx.uz/d/oz/obyavlenie/algaritim-3-3-9-chistyj-remont-ID46fRX.html
Biznes,Ikkilamchi bozor,3,68,3,4,Panelli,Alohida ajratilgan,Alohida,Yoʻq,,,Yo’q,TavsifТтз-2 Продаётся квартира 3/3/4 балкон 1.5х6Мирзо-Улугбекский район.Ориентир: Ширинбозор ДиадораКоличество комнат: 3Этаж: 3Этажность: 4Тип строения: ПанельныйПланировка: раздельнаяСанузел: раздельныйОбщая площадь: 68кв.мСостояние: средний ремнотЦена: 74.000$торг+998977371770Равшан Риэлтор.,,https://www.olx.uz/d/oz/obyavlenie/ttz-2-prodayotsya-kvartira-3-3-4-balkon-1-5x6-ID45QkB.html
Biznes,Ikkilamchi bozor,2,46,3,4,Panelli,Alohida ajratilgan,Alohida,Ha,"Telefon, Kabelli TV, Internet, Konditsioner, Balkon, Televizor, Oshxona, Muzlatkich, Kir yuvish mashinasi","Bolalar maydonchasi, Maktab, Koʻngilochar muassasalar, Kasalxona, poliklinika, Supermarket, doʻkonlar, Park, yashil zona, Bekatlar, turargoh, Bolalar bogʻchasi, Restoran, kafelar",Yo’q,"TavsifMurojat uchun tel 991873233Chilonzor-3 kvartal#2ком2в3/4/4Ориентир: Мetro Хаmza Torgoviy sentrРемонт: ЕвроремонтТип строения: ПанельныйПланировка: #РазделкаПлощадь: 46м²Балкон: 1,5×3Сан.узел: РаздельныйМебель: естьТехника: естьЦена: 67000",,https://www.olx.uz/d/oz/obyavlenie/shilonzor-3-kvartal-2s3-4-4-evroremont-mebel-texnika-uy-sotiladi-ID452hB.html
Biznes,Ikkilamchi bozor,2,50,3,4,,Aralash,Alohida,Ha,,,Yo’q,"TavsifЧилонзор  16 квартал2 хона 3 кават 4 каватли панельный уйЕвроремонтМайдони 50кв.мБалкон 1.5/3Кухонная мебель, кондиционер, стиральная машина  борЕвро ремонтОриентир: Андалус, метро Чилонзор якинЦена 63000$Тел: +998900943577",,https://www.olx.uz/d/oz/obyavlenie/metro-chilonzor-16-kvartal-2-xona-3-kavat-ID432jh.html
Jismoniy shaxs,Yangi qurilgan uylar,3,110,5,7,Gʻishtli,Aralash-alohida,Alohida,Yoʻq,"Oshxona, Balkon","Kasalxona, poliklinika, Maktab, Bolalar maydonchasi, Bolalar bogʻchasi, Bekatlar, Park, yashil zona, Koʻngilochar muassasalar, Restoran, kafelar, turargoh, Supermarket, doʻkonlar",Yo’q,"Tavsif110м²3 хона5-қават 7 қавтли (лифт бор)пишган ғиштдан қурилганРЕМОНТЛИгаз, сув, светнархи 60 000$+998977982812Жиззах шаҳар Вокзал кўча",,https://www.olx.uz/d/oz/obyavlenie/uj-sotiladi-110m-ID46bwK.html
Biznes,Ikkilamchi bozor,2,56,1,9,Panelli,Alohida ajratilgan,Alohida,Yoʻq,Internet,"Kasalxona, poliklinika, Maktab, Bolalar maydonchasi, Bolalar bogʻchasi, Bekatlar, Park, yashil zona, Koʻngilochar muassasalar, Restoran, kafelar, turargoh, Supermarket, doʻkonlar",Yo’q,"TavsifСРОЧНО Продается 2х комнатная квартира в Бектемирском районе массив Водник на 1-этаже можно под нежилое помещение, центральное место, проходимость большая   (магазин аптека и т.д)",,https://www.olx.uz/d/oz/obyavlenie/prodaetsya-kvartira-pod-nezhiloe-ID3WQqc.html
Jismoniy shaxs,Yangi qurilgan uylar,2,60.32,5,5,Gʻishtli,Alohida ajratilgan,Alohida,Yoʻq,,"Kasalxona, poliklinika, Maktab, Bolalar maydonchasi, Bolalar bogʻchasi, Bekatlar, Park, yashil zona, Koʻngilochar muassasalar, Restoran, kafelar, turargoh, Supermarket, doʻkonlar",Bor,"TavsifПродается новый дом2 х комнатная кв в 5- микр. по договорной цене. Есть документ, кадастровый паспорт. Имеет ввода. Территория дома красивая, вокруг есть вся инфраструктура.Бухара.+998905109479",,https://www.olx.uz/d/oz/obyavlenie/srochno-prodaetsya-2-x-komnatnaya-kvartira-po-dogovornoj-cene-ID3YCWX.html
Biznes,Ikkilamchi bozor,3,77,3,4,Gʻishtli,Alohida ajratilgan,Alohida,Yoʻq,,"Restoran, kafelar, Bolalar bogʻchasi, Bekatlar, Park, yashil zona, Kasalxona, poliklinika, Koʻngilochar muassasalar, Maktab, Bolalar maydonchasi",Yo’q,"TavsifПРОДАЁТСЯШота РуставелиОр-р: Океан напротив Modera TowerДвор ЗакрытыйКомнат: 3Этаж: 3Этажность дома: 5Площадь: 77кв.м по кадаструЕВРО Ремонт С Мебелью и ТехникойЕсть открытый Балкон/ Двухсторонняя квартираСвой гараж с кадастромВ квартире: сигнализация, камеры по периметру.Подъезд чистый аккуратныйЦена: 123.000$ торг уместенТел +998900070022",,https://www.olx.uz/d/oz/obyavlenie/prodazha-shota-rustaveli-or-r-okean-naprotiv-modera-tower-3-3-5-77m2-ID46fTd.html
Jismoniy shaxs,Yangi qurilgan uylar,2,40,9,9,,Alohida ajratilgan,Aralash,Ha,,,Yo’q,TavsifYunusobod tumani Abdulla Kadiriy kochasi40 kv m,,https://www.olx.uz/d/oz/obyavlenie/sotaman-ozimni-ujim-ID46fTb.html
Jismoniy shaxs,Yangi qurilgan uylar,1,2,2,5,Gʻishtli,Aralash-alohida,2 va undan koʻp sanuzel,Ha,"Telefon, Kabelli TV, Internet, Konditsioner, Televizor, Oshxona, Muzlatkich, Kir yuvish mashinasi",,Bor,TavsifKvartira sotiladi  hamma sharoitga ega 1  1-xonalik 42 km2 Manzil Guliston most mostdan o'tib 61 avto bazaga bormasdan yo'l yoqasida narxi 32000 aqsh dollars kelishamiz 902994635,,https://www.olx.uz/d/oz/obyavlenie/kvartira-sotiladi-ID3Kg5v.html
Biznes,Ikkilamchi bozor,2,58,2,9,Monolitli,Alohida ajratilgan,Alohida,Ha,"Telefon, Kabelli TV, Internet, Konditsioner, Balkon, Televizor, Oshxona, Muzlatkich, Kir yuvish mashinasi","Bolalar maydonchasi, Maktab, Koʻngilochar muassasalar, Kasalxona, poliklinika, Supermarket, doʻkonlar, Park, yashil zona, Bekatlar, turargoh, Bolalar bogʻchasi, Restoran, kafelar",Yo’q,TavsifЧиланзар 20А2\2\9С ремонтомРазделкаПлощадь 58м²Ориентир Хамкор БанкЦена 60.500$,,https://www.olx.uz/d/oz/obyavlenie/razdelka-58m-chilonzor-20a-2-2-9-kvartira-sotiladi-ID452iu.html
Biznes,Yangi qurilgan uylar,6,126,7,8,Gʻishtli,Koʻp darajali,2 va undan koʻp sanuzel,Yoʻq,"Internet, Telefon, Kabelli TV, Balkon","Kasalxona, poliklinika, Maktab, Bolalar maydonchasi, Bolalar bogʻchasi, Bekatlar, Park, yashil zona, Koʻngilochar muassasalar, Restoran, kafelar, turargoh, Supermarket, doʻkonlar",Yo’q,"TavsifПродается: 6-комнатная квартира-дуплекс в ЖК Palazzo (Мирзо-Улугбекский район)Представляем к продаже просторную 6-комнатную квартиру-дуплекс в жилом комплексе Palazzo от застройщика Grand Capital. У этой квартиры есть кадастр, что гарантирует юридическую чистоту и безопасность сделки.Обзор квартирыКомнаты: 6, что идеально подходит для большой семьи или тех, кто ищет максимум пространства.Этаж: Расположена на 7-м и 8-м этажах 8-этажного кирпичного дома. Это дуплекс – двухуровневая квартира, предлагающая ощущение частного дома в многоквартирном комплексе.Площадь: Внушительные 126 м², предоставляющие огромный простор для реализации ваших дизайнерских идей.Ремонт: Квартира продается в состоянии черновой отделки. Это идеальный вариант для тех, кто хочет создать интерьер своей мечты с нуля, выбирая все материалы и дизайн по собственному вкусу.Санузлы: 2 санузла значительно повышают удобство для всех проживающих.Тип строения: Дом кирпичный, что обеспечивает отличную тепло- и звукоизоляцию, а также долговечность конструкции.МестоположениеЖилой комплекс Palazzo находится в Мирзо-Улугбекском районе, в районе с развитой инфраструктурой. Среди ключевых ориентиров:Улица Ахмада ЮгнакиМестный рынокМикрорайон ТТЗЭти ориентиры указывают на удобное расположение с легким доступом к торговым точкам и жилым массивам.ЦенаСтоимость данной квартиры составляет 82 010 у.е.Контактная информацияДля получения дополнительной информации или организации просмотра, пожалуйста, свяжитесь с Равшаном по телефону: +99877 2533300.Эта просторная 6-комнатная квартира-дуплекс ждет своего нового владельца. Готовы создать дом вашей мечты?",,https://www.olx.uz/d/oz/obyavlenie/mirzoulugbekpalazzo-5-6k-kvartira-dupleks-korobka-axmadayunaki-ttz-ID45Qlz.html
Jismoniy shaxs,Yangi qurilgan uylar,1,45,4,5,Gʻishtli,Studiya,Aralash,Ha,"Konditsioner, Internet, Oshxona, Kabelli TV","Maktab, Supermarket, doʻkonlar, Park, yashil zona, Kasalxona, poliklinika, turargoh, Bekatlar, Bolalar bogʻchasi, Restoran, kafelar, Bolalar maydonchasi, Koʻngilochar muassasalar",Yo’q,"TavsifСтудия дизайнерский, квартира своя, Ввод есть, готова для нотариуса, 43кв,4 этаж.Вся техника,строй материалы, оборудование НЕ ДЕШЁВЫЕ.В квартире  имеется тёплый  пол.Пожалуйста,  звоните строго по делу.адрес: 5 микрорайон Богдаш.",,https://www.olx.uz/d/oz/obyavlenie/kvartira-lyuks-studiya-ID3Fnym.html
Jismoniy shaxs,Yangi qurilgan uylar,2,46,2,7,Gʻishtli,Aralash-alohida,Aralash,Ha,"Internet, Telefon, Muzlatkich, Televizor, Konditsioner, Kabelli TV, Kir yuvish mashinasi, Oshxona, Balkon","Kasalxona, poliklinika, Bolalar maydonchasi, Bolalar bogʻchasi, Bekatlar, Park, yashil zona, Koʻngilochar muassasalar, Restoran, kafelar, turargoh, Supermarket, doʻkonlar, Maktab",Bor,"TavsifПродаю свою 2 комнатную квартиру 46 квадрат 2 этаж, новостройка рядом метро, школа, садик, продуктовый рынок, авто рынок, поликлиника, бассейн все доступноЦена 51 000$ договорная97 442 04 09",,https://www.olx.uz/d/oz/obyavlenie/prodaetsya-2kom-kvartira-sergeli-6a-kvartal-ID46fSO.html
Biznes,Ikkilamchi bozor,3,72,3,3,Gʻishtli,Alohida ajratilgan,Alohida,Ha,"Internet, Telefon, Oshxona, Balkon",,Yo’q,TavsifПродаю 3 ком квартира на 3 этаже 3 этажного дома. Квартира в чистый хорошей состоянии можно зайти жить обш плошдь 72 кв. Комната разделение санузел разделение есть балкон. Подробности по телефону звоните.99 8097771.,,https://www.olx.uz/d/oz/obyavlenie/prodayu-3-kom-kvartira-na-3-etazhe-3-etazhnogo-doma-dubovyj-ID3ZCrq.html
Biznes,Ikkilamchi bozor,1,20,4,4,Gʻishtli,,Aralash,Ha,"Internet, Muzlatkich, Televizor, Konditsioner, Kabelli TV, Kir yuvish mashinasi, Oshxona","Kasalxona, poliklinika, Maktab, Bolalar maydonchasi, Bolalar bogʻchasi, Bekatlar, Park, yashil zona, Koʻngilochar muassasalar, Restoran, kafelar, turargoh, Supermarket, doʻkonlar",Yo’q,"TavsifПродаётся 1 комнатная 20м²Семейное общежитие с условиямиСанузел совмещён внутриИмеется мебель и бытовая техника, холодильник, кондиционер, стиральная машина, телевизор.После ремонтаПодробная информация по телефону +998903716922",,https://www.olx.uz/d/oz/obyavlenie/shota-rustaveli-orientir-askiya-bazar-1-komnatnaya-20m-ID42naz.html
Biznes,Yangi qurilgan uylar,1,49.90,8,16,Monolitli,,,Yoʻq,Balkon,"Kasalxona, poliklinika, Maktab, Bolalar maydonchasi, Bolalar bogʻchasi, Bekatlar, Park, yashil zona, Koʻngilochar muassasalar, Restoran, kafelar, turargoh, Supermarket, doʻkonlar",Yo’q,"TavsifЖК «Туркистан» — это современный жилой комплекс в стиле хай-тек с базальтовым фасадом по привлекательным ценам с широким выбором больших и маленьких квартир!Жилой комплекс будет включать в себя 16 этажный дом с 8 подъездами, в каждом из которых будет просторная лестничная площадка с двумя бесшумным лифтами. Общая площадь комплекса составляет 70 соток, а площадь застройки — 30 соток.ЖК «Туркистан» предоставит квартиру на любой вкус, от однокомнатных, при этом просторных квартир до 5-комнатных квартир, каждая из которых станет уютным и просторным домом с высокими потолками.В каждой квартире будут установлены:- Входная дверь- Пластиковые окна- Межкомнатные перегородки- Пол и потолок монолит- Коммуникации (стояки, счётчики).Также на территории ЖК «Туркистан» будут доступны подземная и наземная автостоянки с перегородками (240 мест и 70 мест).Более того, каждая квартира будет иметь балкон шириной в 1,20 см.Можете приобрести в рассрочку до 30 месяцевСдача комплекса запланирована на 4 квартал 2026 года.Звоните+998994674499 Влад",,https://www.olx.uz/d/oz/obyavlenie/odnokomnatnaya-kvartira-49-9m2-33-600-ID452ij.html
Jismoniy shaxs,Ikkilamchi bozor,4,92,3,5,Gʻishtli,Alohida ajratilgan,,Ha,"Internet, Telefon, Muzlatkich, Televizor, Konditsioner, Kabelli TV, Kir yuvish mashinasi, Oshxona, Balkon","Kasalxona, poliklinika, Maktab, Bolalar maydonchasi, Bolalar bogʻchasi, Bekatlar, Park, yashil zona, Koʻngilochar muassasalar, Restoran, kafelar, turargoh, Supermarket, doʻkonlar",Yo’q,"TavsifПродаётся 4х комнатная квартира с ремонтом и мебелью!Ташкентская область, город Чирчик. 10 микрорайон ориентир 25 школаЭтаж: 3 из 5Площадь: 92 м2Цена: 68 900 $Контактный телефон: +998990335029Что входит в стоимость:Индивидуально сделанная мебельПолный комплект бытовой техники:Стабилизатор и солнечные панели для бесперебойного электропитанияТри кондиционераТелевизоры в спальне и гостинойХолодильник, стиральная и посудомоечная машиныГазовая плита, вытяжкаКамеры наблюдения и сигнализацияВодяной фильтрДвухконтурный котёл для отопления и горячей воды , с разрешением на весь дом.Преимущества:Ремонт выполнен качественно и с любовью, ""для себя"".Автономное электропитание: забудьте о перебоях с электроэнергией!Вам не придётся ничего докупать или ремонтировать — просто заезжайте и наслаждайтесь комфортной жизнью.Рассмотрю все варианты оплаты.Для просмотра и вопросов звоните: +998 99 033 50 29 Карима",,https://www.olx.uz/d/oz/obyavlenie/prodayotsya-4x-komnatnaya-kvartira-s-remontom-i-mebelyu-ID46bYJ.html
Jismoniy shaxs,Ikkilamchi bozor,4,80,3,4,Panelli,Alohida ajratilgan,Alohida,Yoʻq,"Internet, Telefon, Muzlatkich, Televizor, Konditsioner, Kabelli TV, Kir yuvish mashinasi, Oshxona, Balkon","Kasalxona, poliklinika, Maktab, Bolalar maydonchasi, Bolalar bogʻchasi, Bekatlar, Park, yashil zona, Koʻngilochar muassasalar, Restoran, kafelar, turargoh, Supermarket, doʻkonlar",Yo’q,"TavsifПродаётся 4-х комнатная квартира на ТТЗ-2. СРОЧНО. Возможен торг. Тел. 930060055Mirzo Ulug'bek tumani, Ttz-2, Bozor yonidan 4 xonali uy sotiladi , 3-etajda joylashgan 4 etajli dom.  Tel:930060055, 977023726",,https://www.olx.uz/d/oz/obyavlenie/prodayotsya-4-x-komnatnaya-kvartira-na-ttz-2-ID3V3e6.html
Jismoniy shaxs,Ikkilamchi bozor,1,28,3,4,Gʻishtli,Alohida ajratilgan,Aralash,Ha,"Internet, Telefon, Muzlatkich, Televizor, Kabelli TV, Kir yuvish mashinasi, Oshxona, Balkon","Kasalxona, poliklinika, Maktab, Bolalar maydonchasi, Bolalar bogʻchasi, Bekatlar, Koʻngilochar muassasalar, Restoran, kafelar, Supermarket, doʻkonlar",Yo’q,"TavsifСаломатина 1-комнатная квартира с мебелью и техникой. Капитальный ремонт, балкон застеклён и утеплен. Сан. Узел  увеличен. Техника почти новая, импорт.Готовы рассмотреть вариант с ИПОТЕКОЙ. Метро Чилазар - меньше 2 км, 3 остановки. Чиланзар торговый центр - 2 км",,https://www.olx.uz/d/oz/obyavlenie/prodaetsya-svoya-1-komnatnaya-kvartira-ID3VRJf.html
Biznes,Ikkilamchi bozor,3,72,7,9,Panelli,Alohida ajratilgan,,Ha,,,Yo’q,"TavsifВТОРИЧКА 3/7/9 ОЙБЕКор-р кафе ""ТОЧКА вкусаРядом гостиница РоссияМИРАБАДСКИЙ районФранцузская плани-каПлощадь: панель 75м2Состояние: Евро ЛЮКСУкомплектована/новаяМебелью и ТЕХНИКОЙЦЕНА: 149.000у.е+998332092929+998909553948",,https://www.olx.uz/d/oz/obyavlenie/prodayotsya-kvartira-3-7-9-vtorichka-ajbek-gost-rossiya-evro-ID45rhf.html
Biznes,Ikkilamchi bozor,2,48,4,4,Panelli,Aralash,Alohida,Ha,"Internet, Telefon, Muzlatkich, Televizor, Konditsioner, Kabelli TV, Kir yuvish mashinasi, Oshxona, Balkon","Kasalxona, poliklinika, Maktab, Bolalar maydonchasi, Bolalar bogʻchasi, Bekatlar, Park, yashil zona, Koʻngilochar muassasalar, Restoran, kafelar, turargoh, Supermarket, doʻkonlar",Yo’q,"TavsifПродажа 2в3/4/4 массив ФерузаМирзо Улугбекский районПеределана в 3 комнатную квартируКвартира с ремонтомКомнаты смежныеСанузел раздельныйБалкон 1,5х3мПлощадь: 48 кв/мОриентир: 223-школа, 221-школаЦена: 47.000 уеПодробная Информация По Телефону:983355797",,https://www.olx.uz/d/oz/obyavlenie/prodazha-2v3-4-4-feruza-ekobazar-s-evroremontom-47-000ue-balkon-1-5x3-ID44STT.html
Biznes,Ikkilamchi bozor,3,72,2,5,Gʻishtli,Alohida ajratilgan,Aralash,Yoʻq,"Telefon, Internet, Balkon, Oshxona, Konditsioner","Bolalar maydonchasi, Maktab, Koʻngilochar muassasalar, Kasalxona, poliklinika, Supermarket, doʻkonlar, Park, yashil zona, Bekatlar, turargoh, Bolalar bogʻchasi, Restoran, kafelar",Yo’q,TavsifПродаю 3 ком квартира на 2 этаже 5 этажного дома. Квартира в чистый хорошей состоянии можно зайти жить комната разделение прихожка квадратных балкон 2×6. Место расположен хорошей орентыр базар Кадышва. Подробности по телефону звоните 998 99 809-77-71.,,https://www.olx.uz/d/oz/obyavlenie/prodayu-3-kom-kvartira-na-2-etazhe-5-etazhnogo-doma-aviosozlar-2-ID452ie.html
Biznes,Yangi qurilgan uylar,2,47,11,13,,,,Ha,,,Yo’q,TavsifНОВОСТРОЙКА 2/11/13ЖК MEGA TOWERЮнусабадский районОриентир Mega PlanetПлощадь: 47м2Состояние: евроремонтМебель и техникаЦЕНА: 70 000 у.е. Без торга СРОЧНО+998978770077 Алексей,,https://www.olx.uz/d/oz/obyavlenie/srochno-novostrojka-yunusabad-13kv-1-kom-47m2-evrolyuks-ID45rha.html
Biznes,Yangi qurilgan uylar,2,47.10,11,16,Monolitli,Alohida ajratilgan,Aralash,Yoʻq,Balkon,"Maktab, Bekatlar, Restoran, kafelar, turargoh",Yo’q,"TavsifTURKISTON AVENUE турар-жой мажмуаси, 3-босқич100% tolovda 381.321.600 12% skitka bn433.320.000 opshi summa108.330.000 25% boshlangʻich tolov8.124.750 40 oyga boʻlib tolashУй класи: КомфортБўлиб тўлаш муддати: 40 ойгачаБошланғич тўлов: 25% данТўхташ жойи: Ер ости (200 ўрин)Тўхташ жойи: Ер усти (100 ўрин)Топшириш муддати: 2028-йил II чоракҚаватлар сони: 16 қаватШифт баландлиги: 2,9 мҲовли жиҳозланиши:Кириш эшигиТашқи ойна блоклариДевор бўлимлариЁпиқ таъмир ишлариЎрнатилган ҳисоблагичларАсосий қурилиш материаллари: монолит каркас, газоблок тўлдириш, монолит устки ёпмалар.Мажмуа тузилиши: 16 қават, 5 блок, 10 кириш жойи.Жами майдони: 1 гектар.",,https://www.olx.uz/d/oz/obyavlenie/navastroykadan-2-xona-47m2-bosh-tolov-25-bilan-40-oyga-xarid-qilin-ID419q8.html
Biznes,Yangi qurilgan uylar,1,29.50,8,16,Monolitli,,Aralash,Yoʻq,,,Yo’q,TavsifТуркистон авеню турар жой мажмуасида янги  Катлаван сотуви очилди ва янги акция бошланди хонадон харид килиб 2 чи хонадонни совга сифатида ютиб олиш29 м2 дан 100 м2 гача хонадонлар сотиб олишингиз мумкинБошлангич 50 та хонадон учун  Супер акцияБошлангич 25% тулов килиб колган суммасини  40 ойга болиб тулашингиз мумкин1 хона 29.5 м2Умумий нархи  266.208.000 сумБошлангич 25% 106.480.000 сумХар ой 40 ойга 3.994.000 сумдан тулаб берасизМанзил: Юнусабод худуди Уч кахрамон кругига йетмасдан Сабзавот арка,,https://www.olx.uz/d/oz/obyavlenie/turkiston-navastrojkasi-yangi-katlavan-sotuvi-ochildi-25-tolovda-108-ID3YOqp.html
Biznes,Yangi qurilgan uylar,3,81,7,12,,,Alohida,Ha,"Kir yuvish mashinasi, Muzlatkich, Oshxona, Televizor, Balkon, Konditsioner, Internet, Kabelli TV",,Yo’q,TavsifПремиальная новостройкаОт Golden HouseMirabad AvenueЭксклюзивАвторский  качественный ремонтТретья линияОбщая площадь 81 м2Количество комнат 3Этаж 7Этажность 12Полностью укомплектованаМебелью и техникой  BoschСтиральная и сушильнаяПосудомоечная машиныЦена 320000 минимальный торг на месте+998903224824,,https://www.olx.uz/d/oz/obyavlenie/mirabad-avenyu-3-komn-eksklyuziv-remont-ID45TY9.html
Jismoniy shaxs,Ikkilamchi bozor,3,78,4,5,Panelli,Alohida ajratilgan,Aralash,Ha,"Internet, Telefon, Televizor, Oshxona, Balkon","Kasalxona, poliklinika, Maktab, Bolalar bogʻchasi, Bekatlar, Koʻngilochar muassasalar, turargoh, Supermarket, doʻkonlar",Yo’q,TavsifПродаётся квартира на массиве Карасу 6Комнат: 3Этаж: 4Этажность: 5Площадь: 78м2Ориентир: МакроКомнаты раздельныеСанузел совмещенныйБалкон 2*6 объединён с гостинойЦена: 85.000$Подробности по телефону:+998997573380 Бек,,https://www.olx.uz/d/oz/obyavlenie/prodayotsya-3-4-5-na-m-v-karasu-6-ID441Fk.html
Biznes,Ikkilamchi bozor,3,68,2,4,Gʻishtli,,Aralash,Ha,"Oshxona, Balkon","Maktab, Bolalar maydonchasi, Bolalar bogʻchasi, Bekatlar, Park, yashil zona, Koʻngilochar muassasalar, Restoran, kafelar, turargoh, Supermarket, doʻkonlar",Yo’q,"TavsifПродаётся 3х комнатная квартира, в Мирзо-Улугбекскском районе, на массиве Ялангач, ориентир Дом быта, бывшая Налоговая инспекция !Тип строения кирпич.Общая площадь 68м2.Болкон 2×6.Санузел смежные.НЕ ТОРЕЦ !Цена 71000 у.е. не большой торг на месте !ИПОТЕКА ЕСТЬ !Телефон 998881582535",,https://www.olx.uz/d/oz/obyavlenie/prodayotsya-3-2-4-massiv-yalangach-or-r-dom-byta-ipoteka-ID44L6l.html
Biznes,Yangi qurilgan uylar,2,50,3,4,,,,Yoʻq,,,Yo’q,TavsifПосредникам просьба не беспокоить.Рады предложить большой выбор 2-комнатных квартир.,,https://www.olx.uz/d/oz/obyavlenie/prodaetsya-2-komnatnaya-na-feruze-ID3N0pv.html
Biznes,Yangi qurilgan uylar,3,80,10,22,Monolitli,Koʻp darajali,2 va undan koʻp sanuzel,Yoʻq,"Internet, Telefon, Muzlatkich, Televizor, Konditsioner, Kabelli TV, Kir yuvish mashinasi, Oshxona, Balkon","Kasalxona, poliklinika, Maktab, Bolalar maydonchasi, Bolalar bogʻchasi, Bekatlar, Park, yashil zona, Koʻngilochar muassasalar, Restoran, kafelar, turargoh, Supermarket, doʻkonlar",Yo’q,"TavsifПродается большая 3-комнатная квартира площадью 80 м² в центре города.Квартира идеально подходит для семьи: просторная кухня-гостиная, две отдельные спальни, два санузла, балкон.Большие окна и высокие потолки создают ощущение свободы и наполненности светом.Жилой комплекс располагается в одном из самых востребованных районов, с развитой инфраструктурой: школы, сады, магазины, медицинские центры, кафе и остановки транспорта.Преимущества комплекса:Закрытая территория, круглосуточная охранаТрехуровневый подземный паркингСпортивные и детские площадкиЗоны отдыха и озеленениеСовременные лифты и коммерческая инфраструктураУсловия покупки:Рассрочка до 6 летПри 100% оплате — скидка 20% и ремонт под ключ в подарокОтличное предложение для комфортной жизни в центре города. Звоните прямо сейчас.",,https://www.olx.uz/d/oz/obyavlenie/3-komnatnaya-kvartira-bolshaya-80-m-centr-rassrochka-do-6-let-ID45XY4.html
Biznes,Ikkilamchi bozor,1,42,1,4,Gʻishtli,Alohida ajratilgan,Aralash,Ha,"Internet, Telefon, Kabelli TV, Oshxona, Balkon","Kasalxona, poliklinika, Maktab, Bolalar maydonchasi, Bolalar bogʻchasi, Bekatlar, Park, yashil zona, Koʻngilochar muassasalar, Restoran, kafelar, turargoh, Supermarket, doʻkonlar",Bor,"TavsifКвартира продается 1 комнатная 42 кв  переделанная в 2    2*6   балкон   1 этаж 4 этажного дома кирпич стены 60 см супер планировка  +  свой заезд для авто + 2 огорода  + 12 кв подвалТЕЛ +998908151310  Цена 46000 $ Улица дубовая Алимкент ( ориентир около Кадышева )    рядом  магазины    ( пайнет круглосуточно около дома )  школа дет сад рядом 1 минуту пешком тихий район .   интернет, модерн стиль , полы  жемчуг по новой технологии однотонный без швов теплый пол из дерева С МЕБЕЛЬЮ Квартира после ремонта 3 минуты  до дороги",,https://www.olx.uz/d/oz/obyavlenie/prodaetsya-1-komnatnaya-kvartira-42-kv-26-balkon-1-etazh-4-e-ID33ceY.html
Jismoniy shaxs,Ikkilamchi bozor,2,60,2,5,Panelli,Alohida ajratilgan,Alohida,Ha,"Internet, Telefon, Muzlatkich, Konditsioner, Kir yuvish mashinasi, Oshxona, Balkon","Kasalxona, poliklinika, Maktab, Bolalar maydonchasi, Bolalar bogʻchasi, Bekatlar, Park, yashil zona, Supermarket, doʻkonlar",Yo’q,TavsifПродается двух комнатная квартира на втором этаже. Ориентир на против таможни. Цена: 37.000$. Торг уместен. Квартира моя без посредников.Телефон:: 934582408. Камран.,,https://www.olx.uz/d/oz/obyavlenie/prodayotsya-2x-komnatnaya-kvartira-tomozhnya-ID45USx.html
Biznes,Ikkilamchi bozor,2,62,4,5,Panelli,Alohida ajratilgan,Alohida,Ha,"Muzlatkich, Televizor, Konditsioner, Kir yuvish mashinasi, Oshxona, Balkon","Kasalxona, poliklinika, Maktab, Bolalar maydonchasi, Bolalar bogʻchasi, Bekatlar, Park, yashil zona, Koʻngilochar muassasalar, Restoran, kafelar, turargoh, Supermarket, doʻkonlar",Yo’q,"Tavsif-450 долларга арендатори бор-мебел техникалари билан (2 та кондиционер, 1 та кир ювиш машинка, микроволновка, спалний кроват, диван, кухинний уголок ва бошқалар)-манзил Юнусобод 9 квартлда Сетор карзинка;-2 хонали 62 квадратли улучшенка;-хоналар, туалет ва ванна аолҳида;-2 та балкон, ўлчамлари 2х3 размерда;-ремонтли;-450 долларга арендада квартиранти бор;-259-мактаб рўпарасида, боғча яқин;-атрофда яшил ва айланиш зоналар мавжуд;-Magnit ва Megoplanet бизнес центр ва юнусрбод метроси яқин;-ипотека кредит оркалиям сотилади;-қолган маълумотлар телефон орқали.",,https://www.olx.uz/d/oz/obyavlenie/svoya-yunusabod-9-2-kom-setor-karzinka-remontli-ipotekagayam-sotaman-ID43bo4.html
Biznes,Ikkilamchi bozor,1,36,3,4,Panelli,,Alohida,Ha,,,Yo’q,TavsifПродаю квартиру1/3/4Панельный36 м2 .Балкон 1.5 на 3Состояния чистая42.800Можно в ипотекуЯлангачОриентир институт Культуры903237765Фуркат,,https://www.olx.uz/d/oz/obyavlenie/yalangach-institut-kultury-mozhno-v-ipoteku-ID41iic.html
Jismoniy shaxs,Yangi qurilgan uylar,3,68,4,5,Gʻishtli,Alohida ajratilgan,Alohida,Yoʻq,,"Bolalar maydonchasi, Restoran, kafelar, Kasalxona, poliklinika, Maktab, Park, yashil zona, Bekatlar, Supermarket, doʻkonlar, Bolalar bogʻchasi, turargoh",Yo’q,TavsifКвартира в хорошем состоянииИмеется обмен,,https://www.olx.uz/d/oz/obyavlenie/prodaetsya-kvartira-ID3Z3D0.html
Biznes,Ikkilamchi bozor,1,42,1,7,Gʻishtli,,Aralash,Ha,"Internet, Telefon, Muzlatkich, Televizor, Konditsioner, Kabelli TV, Kir yuvish mashinasi, Oshxona, Balkon","Kasalxona, poliklinika, Bolalar maydonchasi, Bolalar bogʻchasi, Bekatlar, Park, yashil zona, Koʻngilochar muassasalar, Restoran, kafelar, turargoh, Supermarket, doʻkonlar, Maktab",Yo’q,TavsifЧиланзар 13 КварталНовостройка1в2\1\7Евроремонт с мебелью и техникойПлощадь 42м²Ориентир Чуст ЧойхонаЦена 57.000$Звоните по номеру +998992843233.Или напишите в телеграм!,,https://www.olx.uz/d/oz/obyavlenie/novostrojka-42m-chilanzar-13-kvartal-1v2-1-7-prodayotsya-evroremont-kv-ID45QkH.html
Biznes,Ikkilamchi bozor,1,25,2,3,Gʻishtli,,Aralash,Yoʻq,"Oshxona, Balkon","Maktab, Bolalar maydonchasi, Bolalar bogʻchasi, Bekatlar, Park, yashil zona, Koʻngilochar muassasalar, Restoran, kafelar, turargoh, Supermarket, doʻkonlar",Yo’q,"TavsifПродам одна комнатную квартиру, в Мирзо-Улугбекскском районе, на Академ городок, ул. Олимлар !Тенистый, зелёный, тихий двор !Телефон 998881582535",,https://www.olx.uz/d/oz/obyavlenie/prodam-1-2-3-akadem-gorodok-ul-olimlar-ID44uuE.html
Jismoniy shaxs,Ikkilamchi bozor,3,70,2,4,Panelli,Alohida ajratilgan,Alohida,Yoʻq,"Internet, Konditsioner, Kabelli TV, Oshxona, Balkon","Kasalxona, poliklinika, Bolalar maydonchasi, Bolalar bogʻchasi, Bekatlar, Park, yashil zona, Koʻngilochar muassasalar, Restoran, kafelar, turargoh, Supermarket, doʻkonlar, Maktab",Yo’q,"TavsifПродаю свою квартиру на Ташсельмаше. Дом в хорошем месте расположен. Четырех этажный дом, на втором королевском этаже. Не зеркалка, комнаты раздельные, сан узел раздельный, квадратный коридор, квартира сквозная с двух сторон идёт воздух. Приятный, спокойный двор.Хорошая локация. В любую точку города проезжает транспорт. Рядом капиталбанк, за дорогой парк Ашхабад и райздрав. Остановка 4 мин, метро 10 мин. от дома. До старого ТашМИ 500 метров от дома.Для удобства есть всёПод ипотеку тоже можноОт собственника",,https://www.olx.uz/d/oz/obyavlenie/3-komnatnaya-kvartira-ryadom-kapitalbank-park-ashxabad-ipoteka-est-ID3PCgV.html
Jismoniy shaxs,Ikkilamchi bozor,3,80.76,2,9,Panelli,Alohida ajratilgan,,Yoʻq,,,Yo’q,TavsifПродаю свою квартиру на втором этаже девяти этажного дома напротив Аква Медлайн. Перекресток Орзу. Свежий евроремонт. Продаю срочно всвязи с переездом.Кухонная мебель остаётся.,,https://www.olx.uz/d/oz/obyavlenie/svoya-3x-kom-kv-akfa-medline-orzu-beruni-farobi-ID44xuM.html
Biznes,Ikkilamchi bozor,3,75,7,9,,,Alohida,Ha,,,Yo’q,"TavsifВТОРИЧКА 3/7/9 ОЙБЕКор-р кафе ""ТОЧКА вкусаРядом гостиница РоссияМИРАБАДСКИЙ районФранцузская плани-каПлощадь: панель 75м2Состояние: Евро ЛЮКСУкомплектована/новаяМебелью и ТЕХНИКОЙЦЕНА: 149.000у.е+998978770077 Алексей",,https://www.olx.uz/d/oz/obyavlenie/metro-ojbek-3-7-9-tochka-vkusa-75m2-ID45rgD.html
Biznes,Ikkilamchi bozor,3,90,3,9,,,,Ha,"Internet, Telefon, Televizor, Oshxona, Balkon","Kasalxona, poliklinika, Maktab, Bolalar maydonchasi, Bolalar bogʻchasi, Bekatlar, Park, yashil zona, Koʻngilochar muassasalar, Restoran, kafelar, turargoh, Supermarket, doʻkonlar",Bor,TavsifАлгаритим   3/3/9  чистый ремонт   Алгаритим   3/3/9  чистый ремонт,,https://www.olx.uz/d/oz/obyavlenie/algaritim-3-3-9-chistyj-remont-ID46fRX.html
Biznes,Ikkilamchi bozor,3,68,3,4,Panelli,Alohida ajratilgan,Alohida,Yoʻq,,,Yo’q,TavsifТтз-2 Продаётся квартира 3/3/4 балкон 1.5х6Мирзо-Улугбекский район.Ориентир: Ширинбозор ДиадораКоличество комнат: 3Этаж: 3Этажность: 4Тип строения: ПанельныйПланировка: раздельнаяСанузел: раздельныйОбщая площадь: 68кв.мСостояние: средний ремнотЦена: 74.000$торг+998977371770Равшан Риэлтор.,,https://www.olx.uz/d/oz/obyavlenie/ttz-2-prodayotsya-kvartira-3-3-4-balkon-1-5x6-ID45QkB.html
Biznes,Ikkilamchi bozor,2,50,4,4,Panelli,Alohida ajratilgan,Alohida,Ha,"Internet, Muzlatkich, Televizor, Konditsioner, Kabelli TV, Oshxona, Balkon","Kasalxona, poliklinika, Maktab, Bolalar maydonchasi, Bolalar bogʻchasi, Bekatlar, Park, yashil zona, Koʻngilochar muassasalar, Restoran, kafelar, turargoh, Supermarket, doʻkonlar",Yo’q,TavsifСотилади Чилонзор 14 каватл2/4/4  панельный50 кв.м + балкон 9 кв .мЖихози БиланПродается квартира в чиланзаре 14 квартал50 КВ м жилой + 9 квм балкон2/4/4 дом панельныйПродается с мебелью,,https://www.olx.uz/d/oz/obyavlenie/sotiladi-prodaetsya-chilonzor-14-kvartal-2-4-4-50-kv-m-balkon-9-kv-m-ID467AW.html
Jismoniy shaxs,Yangi qurilgan uylar,1,43,5,12,,,,Ha,"Internet, Telefon, Muzlatkich, Televizor","Maktab, Bolalar maydonchasi, Bolalar bogʻchasi, Bekatlar, Park, yashil zona, Koʻngilochar muassasalar, Restoran, kafelar, turargoh, Supermarket, doʻkonlar",Yo’q,"TavsifВЛАДЕЛЕЦ!ЦЕНА ИЗ-ЗА СРОЧНОСТИ!NRG MIRZO ULUGBEKКомнат-1 (43 кв.м)Этаж-5Этажность-12Площадь-43 кв.мСостояние - новый ремонт укомплектована мебелью и техникойОтлично подходит для молодоженов и также для бизнеса, ежемесячная аренда квартиры в диапазоне от 1.000$Цена квартиры 120.000$Очень срочная цена!Контактные номера:+998997373223+998946376494квартира сдавалась в аренду в 1.000$!",,https://www.olx.uz/d/oz/obyavlenie/prodayotsya-ili-sdayotsya-v-arendu-kvartira-svoya-srochno-ID3JLj4.html
Jismoniy shaxs,Ikkilamchi bozor,2,55,2,4,Panelli,Alohida ajratilgan,Alohida,Yoʻq,"Internet, Telefon, Kabelli TV, Oshxona, Balkon","Kasalxona, poliklinika, Bolalar maydonchasi, Bolalar bogʻchasi, Bekatlar, Park, yashil zona, Koʻngilochar muassasalar, Restoran, kafelar, turargoh, Supermarket, doʻkonlar, Maktab",Bor,TavsifRusalka Yoki Mega Market orqasida 2 xonalik 2 qavatda Evroremont qilingan kvartira sotiladi Devorlari moyshi aboy. Oyoq osti. Laminat qilingan Balkon PistoletTel 91 4172317,,https://www.olx.uz/d/oz/obyavlenie/rusalkada-2-xonalik-2-etaj-kvartira-sotiladi-ID46anq.html
Biznes,Ikkilamchi bozor,2,46,3,4,Panelli,Alohida ajratilgan,Alohida,Ha,"Telefon, Kabelli TV, Internet, Konditsioner, Balkon, Televizor, Oshxona, Muzlatkich, Kir yuvish mashinasi","Bolalar maydonchasi, Maktab, Koʻngilochar muassasalar, Kasalxona, poliklinika, Supermarket, doʻkonlar, Park, yashil zona, Bekatlar, turargoh, Bolalar bogʻchasi, Restoran, kafelar",Yo’q,"TavsifMurojat uchun tel 991873233Chilonzor-3 kvartal#2ком2в3/4/4Ориентир: Мetro Хаmza Torgoviy sentrРемонт: ЕвроремонтТип строения: ПанельныйПланировка: #РазделкаПлощадь: 46м²Балкон: 1,5×3Сан.узел: РаздельныйМебель: естьТехника: естьЦена: 67000",,https://www.olx.uz/d/oz/obyavlenie/shilonzor-3-kvartal-2s3-4-4-evroremont-mebel-texnika-uy-sotiladi-ID452hB.html
Biznes,Ikkilamchi bozor,2,50,3,4,,Aralash,Alohida,Ha,,,Yo’q,"TavsifЧилонзор  16 квартал2 хона 3 кават 4 каватли панельный уйЕвроремонтМайдони 50кв.мБалкон 1.5/3Кухонная мебель, кондиционер, стиральная машина  борЕвро ремонтОриентир: Андалус, метро Чилонзор якинЦена 63000$Тел: +998900943577",,https://www.olx.uz/d/oz/obyavlenie/metro-chilonzor-16-kvartal-2-xona-3-kavat-ID432jh.html
Jismoniy shaxs,Ikkilamchi bozor,4,100,9,9,Panelli,Alohida ajratilgan,Alohida,Yoʻq,"Kabelli TV, Internet, Balkon, Oshxona","Maktab, Supermarket, doʻkonlar, Park, yashil zona, Kasalxona, poliklinika, turargoh, Bekatlar, Bolalar bogʻchasi, Restoran, kafelar, Bolalar maydonchasi, Koʻngilochar muassasalar",Yo’q,Tavsif4 xona remontlari bor bivshiy obshijit hozirda honalari ewigi alohida kadastrlari bor o'zimizi yashidigan uyimiz hamma qulayliklari bor metro astanovka yaqin +998935721163 +998880091163,,https://www.olx.uz/d/oz/obyavlenie/4-xonali-uy-sotiladi-ID3Ikpj.html
Biznes,Ikkilamchi bozor,2,60,5,9,,,,Ha,"Kir yuvish mashinasi, Muzlatkich, Oshxona, Televizor, Balkon, Konditsioner, Internet, Kabelli TV, Telefon","Restoran, kafelar, Bolalar bogʻchasi, turargoh, Bekatlar, Supermarket, doʻkonlar, Park, yashil zona, Kasalxona, poliklinika, Koʻngilochar muassasalar, Maktab, Bolalar maydonchasi",Yo’q,"TavsifНукусскаяOrientir 1-я Нотариалка2/5/9 панелКомнаты раздельныйСанузел раздельныйСредним ремонтомБалкон 1*7, торцTel +998938361122 24/7",,https://www.olx.uz/d/oz/obyavlenie/prodaetsya-ul-nukus-2-5-9-srochno-mebelyu-texnikoj-60kvadrat-ID45rgs.html
Jismoniy shaxs,Yangi qurilgan uylar,2,50,6,7,Gʻishtli,Alohida ajratilgan,Aralash,Ha,"Telefon, Kabelli TV, Internet, Konditsioner, Balkon, Televizor, Oshxona, Muzlatkich, Kir yuvish mashinasi","Bolalar maydonchasi, Maktab, Koʻngilochar muassasalar, Kasalxona, poliklinika, Supermarket, doʻkonlar, Park, yashil zona, Bekatlar, turargoh, Bolalar bogʻchasi, Restoran, kafelar",Yo’q,TavsifСергилийский район 7а 3й метроВсе документы имеютсяГотово на продажу,,https://www.olx.uz/d/oz/obyavlenie/prodazha-kvartiry-ID3n5Kf.html
Biznes,Yangi qurilgan uylar,3,70,2,5,,,,Ha,,,Yo’q,TavsifСрочноПродается квартираАдрес Яккасаройский районУл МукимиОриентир Эвос вдоль дорогиПервая линия евро ремонт3/2/5 этажОбщая площадь 70 квадратКирпичный дом2-6 БалконМебель Техника останетсяЦена 99000$Тел +998908118991Тел +998908218444Лучшие предложение по городу ташкентаhttps://t.me/arzonuylartoshkent1,,https://www.olx.uz/d/oz/obyavlenie/srochno-prodaetsya-kvartira-ulica-mukimi-or-r-evos-vdol-dorogi-ID46fRE.html
Biznes,Yangi qurilgan uylar,2,55,6,9,Gʻishtli,Alohida ajratilgan,Alohida,Yoʻq,"Internet, Telefon, Kabelli TV, Oshxona, Balkon","Kasalxona, poliklinika, Maktab, Bolalar maydonchasi, Bolalar bogʻchasi, Bekatlar, Park, yashil zona, Koʻngilochar muassasalar, Restoran, kafelar, turargoh, Supermarket, doʻkonlar",Yo’q,"Tavsif""Yangi Nurafshon"" turar joy majmuasining yangi bloklari sotuvi boshlandi!",,https://www.olx.uz/d/oz/obyavlenie/yangi-bloklar-sotuvi-boshlandi-yangi-nurafshon-tjm-erect-qurilish-ID452hw.html
Biznes,Yangi qurilgan uylar,2,50,6,9,Gʻishtli,Studiya,Aralash,Ha,"Internet, Telefon, Muzlatkich, Televizor, Konditsioner, Kabelli TV, Kir yuvish mashinasi, Oshxona, Balkon","Kasalxona, poliklinika, Maktab, Bolalar maydonchasi, Bolalar bogʻchasi, Bekatlar, Park, yashil zona, Koʻngilochar muassasalar, Restoran, kafelar, turargoh, Supermarket, doʻkonlar",Yo’q,TavsifРайон: МирабадБританский кварталПремиум Жилой комплекс GreenwichЗастройщик: Golden HouseКадастр: Есть2/6/9Площадь: 50м2Кирпичный домСтудийная планировкаЕвро ремонтС мебелью и техникойЗакрытый дворЦена: 86 000 у.е.Саида +998952258855,,https://www.olx.uz/d/oz/obyavlenie/zhk-greenwich-2-6-9-50m2-evro-remont-mirabad-britanskij-kvartal-srochno-ID43QzN.html
Biznes,Yangi qurilgan uylar,1,29,7,12,Gʻishtli,Studiya,Aralash,Ha,"Kir yuvish mashinasi, Muzlatkich, Oshxona, Televizor, Balkon, Konditsioner, Internet, Kabelli TV, Telefon","Restoran, kafelar, Bolalar bogʻchasi, turargoh, Bekatlar, Supermarket, doʻkonlar, Park, yashil zona, Kasalxona, poliklinika, Koʻngilochar muassasalar, Maktab, Bolalar maydonchasi",Yo’q,"TavsifКонтакты для связи: +998999040244ШайхантахурДружба НародовНовостройка1/7/12Ориентир: Олий Мажлис,Метро Миллий богРемонт: ЕвроремонтТип строения: КирпичныйПланировка: СтудияПлощадь: 29м²Балкон: НавеснойСан.узел: СовмещенМебель: естьТехника: естьЦена: 56.000",,https://www.olx.uz/d/oz/obyavlenie/novostrojka-1-7-12-evro-upakovana-metro-millij-bog-olij-mazhlis-ID46fRC.html
Biznes,Ikkilamchi bozor,1,30,3,5,Gʻishtli,Alohida ajratilgan,Aralash,Ha,"Telefon, Kabelli TV, Internet, Konditsioner, Balkon, Televizor, Oshxona, Muzlatkich, Kir yuvish mashinasi","Bolalar maydonchasi, Maktab, Koʻngilochar muassasalar, Kasalxona, poliklinika, Supermarket, doʻkonlar, Park, yashil zona, Bekatlar, turargoh, Bolalar bogʻchasi, Restoran, kafelar",Yo’q,"TavsifСвоя , срочно продам квартиру1/3/5. 30 кв.м. Балкон 1,5х3Кирпичный домМирзо Улугбекский районМетро Максим Горький, Высоковольтный, перекрёсток Дом Быта, ориентир Бухара кафе.Квартира после капитального евро ремонта новый с мебелью и техникой всё остаётся,  спокойно можно сдавать в аренду 450-500$. Рядом всё есть развития инфраструктуры. Тихий хороший элитный район. Звоните: 909408608 Фаррух.",,https://www.olx.uz/d/oz/obyavlenie/svoya-srochno-prodam-kvartiru-1-3-5-30-kv-m-metro-maksim-gorkij-ID44l1s.html
Jismoniy shaxs,Yangi qurilgan uylar,3,76,1,3,Gʻishtli,Alohida ajratilgan,Aralash,Yoʻq,,,Yo’q,"TavsifПродаётся квартира 76 м2, 2х комнатная можно сделать 3 комнатную, 1 этаж, электрика сделана, адрес 40 лет победы",,https://www.olx.uz/d/oz/obyavlenie/prodayotsya-kvartira-s-kadastorom-76m2-na-40-let-ID4610o.html
Biznes,Yangi qurilgan uylar,5,323,12,12,Gʻishtli,Pentxaus,2 va undan koʻp sanuzel,Ha,"Internet, Telefon, Muzlatkich, Televizor, Konditsioner, Kabelli TV, Kir yuvish mashinasi, Oshxona, Balkon","Kasalxona, poliklinika, Maktab, Bolalar maydonchasi, Bolalar bogʻchasi, Bekatlar, Park, yashil zona, Koʻngilochar muassasalar, Restoran, kafelar, turargoh, Supermarket, doʻkonlar",Yo’q,"TavsifПродается пентхаус в ЖКMirabad Avenue с видом во дворКомнат : 5Санузел: 4Площадь : 323 м2Балкона : 3Терасса , бассейн , барбекю зона , сауна , установлен лифт , натуральный камень ониксКвартира полностью укомплектована дорогой мебелью и техникой . Использовались эксклюзивные материалы и фурнитура . Система умный дом .Парковочное место .Цена : 2.500 000Подробная информация по телефону +998990488488 Ибрагим",,https://www.olx.uz/d/oz/obyavlenie/sobstvennik-prodaetsya-pentxaus-323-m2-v-zhk-mirabad-avenue-ID4563O.html
Biznes,Yangi qurilgan uylar,2,55,6,7,Gʻishtli,,,Yoʻq,,,Yo’q,"TavsifТошкент вилояти янги йол шахриШахарга енг якин жойда 15 дакикалик ёл.2 хонали катта уй 55 квадратбош толов 1 00 610 000 сумбалкон, дахлиз, сан узел, ошхона, болалар хонаси, катталар ёток хонаси,банк хизматини биз сизга такдим этамиз",,https://www.olx.uz/d/oz/obyavlenie/subsidiya-tajjor-kadastor-ID3VvaQ.html
Biznes,Yangi qurilgan uylar,2,40,1,9,Gʻishtli,Alohida ajratilgan,Aralash,Ha,,,Yo’q,"Tavsif2/1/9 Махтумкули ул. новостройка ЖК Poytaht ремонт, мебель, 40 кв., цена 67.000 уе+998332092929+998909553948",,https://www.olx.uz/d/oz/obyavlenie/prodayotsya-kvartira-2-1-9-maxtumkuli-zhk-poytaht-evro-remont-ID45rgh.html
Biznes,Ikkilamchi bozor,4,100,4,4,Gʻishtli,Alohida ajratilgan,Alohida,Ha,"Muzlatkich, Oshxona, Televizor, Konditsioner, Internet, Kabelli TV, Telefon","Restoran, kafelar, Bolalar bogʻchasi, turargoh, Bekatlar, Park, yashil zona, Kasalxona, poliklinika, Koʻngilochar muassasalar, Maktab, Bolalar maydonchasi",Yo’q,"TavsifМирабадский районОриентир- Zor tv, Эльбек бывший ВинзаводПопугайчикСпец планКомнат : 4Этаж : 4Этажность : 4Площадь : 100 кв.мСостояние : качественный ремонтС мебелью и техникой1я линияЦена : 122 000y.e+998900070022",,https://www.olx.uz/d/oz/obyavlenie/prodazha-kvartira-zor-tv-elbek-byvshij-vinzavod-popugajchik-4-4-4-100k-ID46fRx.html
Biznes,Ikkilamchi bozor,2,65,2,9,,,,Yoʻq,,,Yo’q,TavsifСрочно продается ПаркентскийЗавод шампанских винЯшнабадский район2/2/9Площадь 65м2Без ремонтаОтдельный входЦена:67.000$ срочно+998978770077 Алексей,,https://www.olx.uz/d/oz/obyavlenie/parkentskij-2-kom-kvartira-franciya-otdelnyj-vxod-ID45rgc.html
Biznes,Ikkilamchi bozor,2,60,3,4,Gʻishtli,Alohida ajratilgan,Aralash,Yoʻq,"Internet, Telefon, Oshxona, Balkon","Kasalxona, poliklinika, Bolalar maydonchasi, Bolalar bogʻchasi, Bekatlar, Park, yashil zona, Koʻngilochar muassasalar, Restoran, kafelar, turargoh, Supermarket, doʻkonlar, Maktab",Yo’q,"Tavsif77 серия,балкон 2+6,кирпич, состояние среднее, можно зайти и жить. Ориентир Водник центр (школа, остановки, магазин,)",,https://www.olx.uz/d/oz/obyavlenie/prodaetsya-dvuxkomnatnaya-kvartira-na-massive-vodnik-ID46fRp.html
Jismoniy shaxs,Ikkilamchi bozor,2,56,2,2,Gʻishtli,Alohida ajratilgan,Aralash,Yoʻq,"Oshxona, Internet, Balkon","Maktab, Supermarket, doʻkonlar, Park, yashil zona, Kasalxona, poliklinika, turargoh, Bekatlar, Bolalar bogʻchasi, Restoran, kafelar, Bolalar maydonchasi, Koʻngilochar muassasalar",Yo’q,"Tavsif.Квартира находится в Городе Чирчик 2 комнаты, газовое отопление, горячая вода  Чирчиқ шахрида горпаркдв жойлашган. 902701883.  904641108.",,https://www.olx.uz/d/oz/obyavlenie/prodaetsya-kvartira-v-centre-goroda-chirchik-tashkent-ID3O0E3.html
Biznes,Yangi qurilgan uylar,3,50,5,9,Gʻishtli,Alohida ajratilgan,Aralash,Ha,"Internet, Muzlatkich, Televizor, Konditsioner, Kabelli TV, Kir yuvish mashinasi, Oshxona, Balkon","Kasalxona, poliklinika, Maktab, Bolalar maydonchasi, Bolalar bogʻchasi, Bekatlar, Park, yashil zona, Koʻngilochar muassasalar, Restoran, kafelar, turargoh, Supermarket, doʻkonlar",Yo’q,TavsifПродаётся Евроремонт новостройка ЖК NEW LIFEКол.комнат 2в3Этаж 5Этажность 9Площадь 50м2Ремонт ЕвроремонтЦена 79.000Можно сдать в аренду за 600-800 у.е,,https://www.olx.uz/d/oz/obyavlenie/srochno-new-life-2v3-5-9-novostrojka-maxtumkuli-s-mebelyu-i-texnikoj-ID45rg6.html
Jismoniy shaxs,Yangi qurilgan uylar,4,115,8,9,Gʻishtli,Alohida ajratilgan,2 va undan koʻp sanuzel,Ha,"Internet, Muzlatkich, Televizor, Konditsioner, Kir yuvish mashinasi, Oshxona, Balkon","Kasalxona, poliklinika, Bolalar maydonchasi, Bolalar bogʻchasi, Bekatlar, Koʻngilochar muassasalar, Restoran, kafelar, turargoh, Supermarket, doʻkonlar, Maktab",Yo’q,"TavsifПродаем свою 4-х комнатную квартиру в Юнусабадском районе, 15 квартал, улица Юнусота, дом 42а, новостройка, 9-этажка. Ориентир - остановка Баходир. Квартира расположена на 8 этаже, с новым евро-ремонтом, сделанным для себя, качественно.Площадь 115 квадратных метров. Два санузла, регулируемый теплый пол, кондиционеры во всех комнатах. Балкон квартиры с видом на горы. Важно заметить, что квартира не расположена на солнечной стороне.Продается с частично встроенной мебелью и техникой. Можно рассмотреть возможность продажи со всей мебелью.",,https://www.olx.uz/d/oz/obyavlenie/kvartira-yunusabatskij-rajon-15-kvartal-4-komnatnaya-ID3M8qi.html
Jismoniy shaxs,Ikkilamchi bozor,3,95,7,9,Panelli,Alohida ajratilgan,2 va undan koʻp sanuzel,Yoʻq,"Oshxona, Televizor, Balkon, Konditsioner, Internet, Kabelli TV, Telefon, Kir yuvish mashinasi, Muzlatkich","Restoran, kafelar, Bolalar bogʻchasi, turargoh, Bekatlar, Kasalxona, poliklinika, Supermarket, doʻkonlar, Park, yashil zona, Maktab, Koʻngilochar muassasalar, Bolalar maydonchasi",Yo’q,"TavsifСергели-7Общая площадь 95 m2.3-х ком.(переделанная в 5-х).2-Санузела7 этаж 9 этажного дома.Высота потолков 3,00В квартире есть интернет, кондиционер 2шт., параболическая антенна, холодильник, стиральная машина.Имеются 2 стояночных места для парковки автомобилей.Рядом метро, дет.сад., школа, мед. клиники. Развитая инфраструктура.Маклерам не беспокоить.Цена- 110 000у.е.Ориентир: Сергели-7, автобусная конечная и 3-станция метро.",,https://www.olx.uz/d/oz/obyavlenie/prodayotsya-uyutnaya-3-x-kvartira-v-sergeli-7-avtobusnaya-konechnaya-ID31hRR.html
Biznes,Ikkilamchi bozor,1,30,3,4,Panelli,,Alohida,Ha,,,Yo’q,Tavsifchilonzor 3 kvartal1/3/4yevro remontmebel texnikaтеплый полориентир  Estimed51500,,https://www.olx.uz/d/oz/obyavlenie/chilonzor-3-evro-remont-1-komnatnaya-orientir-estimed-ID46fR9.html
Biznes,Ikkilamchi bozor,2,55,4,4,,,,Ha,,"Kasalxona, poliklinika, Maktab, Bolalar maydonchasi, Bolalar bogʻchasi, Bekatlar, Park, yashil zona, Koʻngilochar muassasalar, Restoran, kafelar, turargoh, Supermarket, doʻkonlar",Yo’q,"TavsifПродаётся 2-х комнатная квартираОриентир: Ц-7, ЦУМ, 110-школаКомнат: 2Этаж: 4Этажность: 4Общая площадь: 55 м2Состояние: с ремонтомМебель+ТехникаЦена: 90.000 y.e+998909946644 Улугбекt.me/akhulugbek",,https://www.olx.uz/d/oz/obyavlenie/prodaetsya-2-komnatnaya-kvartira-remont-c-7-cum-110-shkola-ID45rfV.html
Jismoniy shaxs,Yangi qurilgan uylar,3,95,14,17,Monolitli,Alohida ajratilgan,Aralash,Ha,"Internet, Telefon, Muzlatkich, Televizor, Konditsioner, Kabelli TV, Kir yuvish mashinasi, Oshxona, Balkon","Kasalxona, poliklinika, Maktab, Bolalar maydonchasi, Bolalar bogʻchasi, Bekatlar, Park, yashil zona, Koʻngilochar muassasalar, Restoran, kafelar, turargoh, Supermarket, doʻkonlar",Yo’q,"TavsifFartuna House - 3-комнатная квартира с мебелью и техникой в Яккасаром районе.Просторная квартира площадью 95 к.м на 14 этаже 17-этажного монолитного дома.Ремонт: евро некто не жилКадастр: естьОриентир: Ул. Абдулла Каххара, рядом аэропорт и Istanbul City - удобное расположение.Цена: 155 000 у.е.Полностью укомплектована мебелью и техникой — заезжай и живи.Телефон:977687707Fartuna House - Yakkasaroyda mebel va texnikali 3 xonali kvartiraMaydoni 95 km bolgan keng kvartira.Qavat: 14 / 17Ta'mir: evroKadastr: borManzil: Abdulla Qahhor ko'chasi, Istanbul City yaqinida - qulay joylashuv.Narxi: 155 000 y.e.Mebel va texnika bilan to'lia jihozlangan - ko'chib kel va yashayver.Telefon: 977687707",,https://www.olx.uz/d/oz/obyavlenie/sotiladi-prodayotsya-fartuna-house-ul-abdulla-kaxxara-95kv-ID44EXf.html
Jismoniy shaxs,Ikkilamchi bozor,2,58,7,7,Gʻishtli,Kichik oilalar uchun,Alohida,Yoʻq,"Televizor, Muzlatkich, Konditsioner",,Yo’q,TavsifSirojni sotiladi 2 xonaAdiris Gul bozordi oldida galerinni Dom 7 etach 7 etachdaNarxi 450000000 millionTelfon nomer 90. 646 45 82,,https://www.olx.uz/d/oz/obyavlenie/samsung-55-kafolat-ID434S5.html
Biznes,Yangi qurilgan uylar,2,57,9,10,Gʻishtli,Alohida ajratilgan,Alohida,Yoʻq,,"Kasalxona, poliklinika, Maktab, Bolalar maydonchasi, Bolalar bogʻchasi, Bekatlar, Park, yashil zona, Koʻngilochar muassasalar, Restoran, kafelar, turargoh, Supermarket, doʻkonlar",Yo’q,"TavsifQurilishi tugalanvotgan Zamonaviy va mustahkam xonadon sotib oling. Iyun  oyiga topshirilish arafasida. Boshlang'ich to'lov 25%, 30% dan. Ipoteka yillik 17.5%dan 5yildan-20yilgacha.",,https://www.olx.uz/d/oz/obyavlenie/ipoteka-qurilishi-tugalanvotgan-xonadon-xarid-qiling-chirchiq-shahri-ID3QC4I.html
Jismoniy shaxs,Ikkilamchi bozor,5,110,5,5,Panelli,,Alohida,Ha,"Internet, Telefon, Muzlatkich, Televizor, Konditsioner, Kabelli TV, Kir yuvish mashinasi, Oshxona, Balkon","Kasalxona, poliklinika, Maktab, Bolalar maydonchasi, Bolalar bogʻchasi, Bekatlar, Park, yashil zona, Koʻngilochar muassasalar, Restoran, kafelar, turargoh, Supermarket, doʻkonlar",Bor,TavsifЮнусабад 14кв. 5/5/5. 110кв. Ремоти яхши. 5 хона кенг ва катта уй. Балкон 2х9. Ипотекага ҳам берилади. Тел 998409462,,https://www.olx.uz/d/oz/obyavlenie/yunusabad-14kv-5-5-5-110kv-balkon-2x9-ID45QgA.html
Biznes,Yangi qurilgan uylar,2,55.50,8,16,,,,Yoʻq,,,Yo’q,Tavsifродаются квартиры в новом блоке ЖК Turkiston Avenue!2-ком 55.5кв.м2При 100% оплате - 484.515.000 млнПри рассрочке 538.350.000 млнПервоночальный взнос 30%-161.505.000млн70%-    36 месяц  по  10.468.000 сумУникальное предложение!Начали продажу квартир в новом блоке по выгодным ценам.Условия покупки:Рассрочка на 36 месяцев без процентовОт насВходная дверьНаружные оконные блокиПерегородкиУстановленные счётчикиПлощадь квартир:Студии: от 29 до 38 м²1-комнатные: от 37 до 49 2-комнатные: от 51 до 64 3-комнатные: от 86 до 126Количество квартир ограничено! Успейте приобрести жильё в престижном комплексе Turkiston Avenue.Юнусабод бетонка [Уч кахрамон круг]773701080,,https://www.olx.uz/d/oz/obyavlenie/1-kom-kvartira-s-rassrochkoj-na-36-mesyac-turkiston-avenue-1080-ID3PMS0.html
Biznes,Ikkilamchi bozor,3,70,2,4,Gʻishtli,,,Ha,,,Yo’q,TavsifДоброе время сутокПродается шикарная квартира в ЦентреЦ  6    Метро  МИНОРРесторан  LALI  ( На Небе )До метро 200  метров3/4 - 2 - 4   КИРПИЧСвердловская планировка70  кв.мАвторский ремонт. Мебель и техника. Полностью упакована. Тёплые полы.2  Кондиционера2  Т.В.Цена 128.500 у.е  торг на местеЗвоните 887200744 Юлия,,https://www.olx.uz/d/oz/obyavlenie/massiv-minor-lali-or-r-3v4-2-4-balkon-2x6-novaya-upakovka-ID46fR3.html
Jismoniy shaxs,Ikkilamchi bozor,1,34,4,4,,,,Ha,,,Yo’q,"TavsifChilonzor 171*2/4/4, 34 kvadratMetroga 800 metrRemont yangi,Wi fi, ITV kabel.Narxi 46000$.",,https://www.olx.uz/d/oz/obyavlenie/chilonzor-17-uy-bor-ID46fQX.html
Biznes,Ikkilamchi bozor,4,90,8,9,,,,Yoʻq,,,Yo’q,Tavsifпродается вторичка 4/8/9площадь 90м2состояние требует ремонтаЦена 120 000+998978770077 Алексей,,https://www.olx.uz/d/oz/obyavlenie/c-4-orientir-shedevr-vtorichka-4-8-9-90m2-ID45rfI.html
Biznes,Yangi qurilgan uylar,3,100,4,5,Gʻishtli,Alohida ajratilgan,2 va undan koʻp sanuzel,Ha,,,Bor,"TavsifХоналар сони: #3хКават: 4Уйнинг каватлар сони: 5Манзил: шарк 1, гор больница чоррахаКурилиш тури: кирпичныйХоналар жойлашуви: алохида, икки томонламаУмумий майдони: 100 квмХолати: авторский проект, евроремонтНархи: 52.500$Тел:91-246-7447 / 91-979-7447",,https://www.olx.uz/d/oz/obyavlenie/3-xonalik-kvartira-4-etazh-yangi-dom-shark-1-gor-bolnica-chorraxa-ID46fQQ.html
Biznes,Yangi qurilgan uylar,2,42,7,8,Gʻishtli,Alohida ajratilgan,Aralash,Yoʻq,"Internet, Kabelli TV, Oshxona","Kasalxona, poliklinika, Bolalar maydonchasi, Bolalar bogʻchasi, Bekatlar, Park, yashil zona, Koʻngilochar muassasalar, Restoran, kafelar, turargoh, Supermarket, doʻkonlar, Maktab",Yo’q,Tavsif#Яшнабот тумани иззат кочасида арентр Кадишва базори2/7/8. 42м2 Гиштли дом лифти бор кадастри бор атрофда хамма кулайлиглари бор навастройкаТел 939261219,,https://www.olx.uz/d/oz/obyavlenie/srochno-sotiladi-yashnabot-zhk-izzat-aziya-xaus-navastrojka-ID45Qjv.html
Biznes,Ikkilamchi bozor,4,80,4,4,Gʻishtli,Alohida ajratilgan,Alohida,Yoʻq,"Telefon, Internet, Balkon, Oshxona, Kabelli TV","Bolalar maydonchasi, Maktab, Koʻngilochar muassasalar, Kasalxona, poliklinika, Supermarket, doʻkonlar, Park, yashil zona, Bekatlar, turargoh, Bolalar bogʻchasi, Restoran, kafelar",Yo’q,"TavsifТел: 997643233Чиланзар 22 квартал4|4|4Ориентир: Автобус конечкаРемонт: СреднийТип строения: КирпичныйПланировка:#РазделкаПлощадь: 80м²Балкон: 2х6,  1.5х3Сан.узел: раздельныйМебель: нетТехника: нетЦена: 73000",,https://www.olx.uz/d/oz/obyavlenie/4-xona-chilanzar-22-kv-balkon-2x6-1-5x3-orientir-avtobus-konechka-ID452gA.html
Biznes,Ikkilamchi bozor,1,33,6,9,Monolitli,,,Yoʻq,,,Yo’q,Tavsif(Новостройка) 9 этажка 6-этаж без ремонта 33 квадрат метр 20.000$,,https://www.olx.uz/d/oz/obyavlenie/prodaetsya-1-kom-kvartira-2-oj-m-rajon-ID41Dox.html
Biznes,Yangi qurilgan uylar,2,38,5,9,Panelli,Studiya,Aralash,Ha,,,Yo’q,"Tavsif2/5/9Махтумкули ул.Новостройка  ЖК Green Parkплощадь 38 кв.,евроремонт, мебель, техника,с арендатором 500цена 62.000+998332092929+998909553948",,https://www.olx.uz/d/oz/obyavlenie/prodayotsya-kvartira-2-5-9-green-park-maxtumkuli-38-m2-srochno-ID45rfs.html
Biznes,Ikkilamchi bozor,2,55,3,4,Gʻishtli,Aralash,Alohida,Ha,"Internet, Telefon, Konditsioner, Kabelli TV, Kir yuvish mashinasi, Oshxona, Balkon","Kasalxona, poliklinika, Maktab, Bolalar maydonchasi, Bolalar bogʻchasi, Bekatlar, Park, yashil zona, Koʻngilochar muassasalar, Restoran, kafelar, turargoh, Supermarket, doʻkonlar",Yo’q,"TavsifПродам без маклеровЯккасарайский район ориентир Налоговая2 комнатная 55м², балкон 2-6Состояние хорошееПодробная информация по телефону+998997205000",,https://www.olx.uz/d/oz/obyavlenie/bez-maklera-yakkasaraj-rajon-2-komnatnaya-nalogovaya-mozhno-ipoteka-ID44fjs.html
Jismoniy shaxs,Ikkilamchi bozor,3,62,1,5,Gʻishtli,,Alohida,Ha,"Telefon, Muzlatkich, Televizor, Konditsioner, Kabelli TV, Kir yuvish mashinasi, Oshxona, Balkon","Kasalxona, poliklinika, Maktab, Bolalar maydonchasi, Bolalar bogʻchasi, Bekatlar, Park, yashil zona, Restoran, kafelar, turargoh, Supermarket, doʻkonlar",Yo’q,"TavsifПродаётся 3-комнатная квартира, 1/5. Сергели-4. Своя. Без посредников. С обстановкой, мебель, техника. Имеется подвал, полисадник. Вход в квартиру с двух сторон. Звонить и писать на номер 996881184,  если не отвечаю, пишите в телеграм",,https://www.olx.uz/d/oz/obyavlenie/prodayotsya-kvartira-svoya-ID3QikN.html
Jismoniy shaxs,Ikkilamchi bozor,4,109,4,5,,,Alohida,Ha,"Internet, Telefon, Muzlatkich, Televizor, Konditsioner, Kabelli TV, Kir yuvish mashinasi, Oshxona, Balkon","Kasalxona, poliklinika, Maktab, Bolalar maydonchasi, Bolalar bogʻchasi, Bekatlar, Park, yashil zona, Koʻngilochar muassasalar, Restoran, kafelar, turargoh, Supermarket, doʻkonlar",Yo’q,"TavsifЎзимни уйим, 4 хона, удвоенный зал, 5 хона хисобида, 4-этаж, 5 этажли дом, 2×9 балкон, 109 метр квадрат, туалет ванна алохида ажратилган, ""улучшенная планировка"", асосий жихозлари қолдирилади, хужжатлари нотариусга тайёр",,https://www.olx.uz/d/oz/obyavlenie/yunusabad-14-orientir-samara-4-4-5-kvartira-sotiladi-ID42SQx.html
Biznes,Yangi qurilgan uylar,2,40,7,10,,,,Ha,,"Kasalxona, poliklinika, Maktab, Bolalar maydonchasi, Bolalar bogʻchasi, Bekatlar, Park, yashil zona, Koʻngilochar muassasalar, Restoran, kafelar, turargoh, Supermarket, doʻkonlar",Yo’q,"TavsifПродаётся 2-х комнатная квартира ЖК Poytaxt GavhariОриентир: метро Минор, Алайский рынокКомнат: 2Этаж: 7Этажность: 10Общая площадь: 40 м2Состояние: Новый ремонтМебель+ТехникаЦена: 105.000 y.e.+998909946644 Улугбекt.me/akhulugbek",,https://www.olx.uz/d/oz/obyavlenie/poytaxt-gavhari-prodaetsya-2-komnatnaya-kvartira-remont-minor-alajskij-ID3YpxG.html
Biznes,Yangi qurilgan uylar,3,65,2,9,,,,Ha,"Kir yuvish mashinasi, Muzlatkich, Oshxona, Televizor, Konditsioner, Internet, Kabelli TV, Telefon","Restoran, kafelar, Bolalar bogʻchasi, turargoh, Bekatlar, Supermarket, doʻkonlar, Park, yashil zona, Kasalxona, poliklinika, Koʻngilochar muassasalar, Maktab, Bolalar maydonchasi",Yo’q,TavsifПродаётся 3-х комнатная квартира в Новостройке.Ор-р: Паркентский рынокРайон: Яшнабадский р-нКомнат: 3Этаж: 2Этажность: 9Площадь: 65м2Состояние: Евро ремонтМебель + ТехникаЦена: 114.000 у.е+998951359959 Достон,,https://www.olx.uz/d/oz/obyavlenie/prodayotsya-kvartira-3-2-9-65m2-v-novostrojke-ID452gt.html
Jismoniy shaxs,Ikkilamchi bozor,3,70,2,5,Panelli,Alohida ajratilgan,Alohida,Ha,"Internet, Telefon, Televizor, Oshxona, Balkon","Maktab, Bolalar maydonchasi, Bolalar bogʻchasi, Bekatlar, Park, yashil zona, Koʻngilochar muassasalar, Restoran, kafelar, turargoh, Supermarket, doʻkonlar",Yo’q,"TavsifПродажаОриентир: #15_кварталКоличество комнат: #3комнатнаяЭтаж: 2Этажность: 5Планировка: РаздельнаяСанузел: РаздельныйРемонт: СреднийОбщая площадь: 70 кв.м.Плюсы: Отличное расположение, рядом есть метро, магазины, школа и детский сад, тихий и спокойный район с адекватными соседями.Цена: 90  000 $Район: #Юнусабадский",,https://www.olx.uz/d/oz/obyavlenie/srochno-prodam-posrednikov-nebespokoit-yunusobod-15-3-2-5-ID3x70b.html
Biznes,Ikkilamchi bozor,2,48,4,4,Panelli,Aralash,Alohida,Ha,"Internet, Telefon, Muzlatkich, Televizor, Konditsioner, Kabelli TV, Kir yuvish mashinasi, Oshxona, Balkon","Kasalxona, poliklinika, Bolalar maydonchasi, Bolalar bogʻchasi, Bekatlar, Park, yashil zona, Koʻngilochar muassasalar, Restoran, kafelar, turargoh, Supermarket, doʻkonlar, Maktab",Yo’q,"TavsifЧиланзар 18 Квартал2\4\4Хороший Средний ремонтПлощадь 48м²Балкон 1,5×3Ориентир 50×50 МойкаЦена 50.500$Звоните по номеру +998992843233.Или напишите в телеграм!Телеграм каналда яна бошқа вариантлар бор.",,https://www.olx.uz/d/oz/obyavlenie/chilonzor-18-kvartal-2-xona-kvartira-sotiladi-or5050-mojka-ID45Qj7.html
Biznes,Yangi qurilgan uylar,3,105,10,11,Gʻishtli,Alohida ajratilgan,Aralash,Ha,"Internet, Telefon, Muzlatkich, Televizor, Konditsioner, Kabelli TV, Kir yuvish mashinasi, Oshxona, Balkon","Kasalxona, poliklinika, Maktab, Bolalar maydonchasi, Bolalar bogʻchasi, Bekatlar, Park, yashil zona, Koʻngilochar muassasalar, Restoran, kafelar, turargoh, Supermarket, doʻkonlar",Yo’q,"TavsifПродается 3-комнатная квартира в ЖК MuhtashamЮнусабадский район, массив Ц-5Ориентир: Финансовый институтНовостройкаЭтаж: 10 из 11Площадь: 106 м²Состояние: новый качественный ремонтСистема ""Умный дом"", управление голосом (Алиса)Полностью укомплектована мебелью и техникойЦена: 234 999 у.е. (торг уместен)Телефон: +998 77 003 29 22Muhtasham turar joy majmuasida 3 xonali kvartira sotiladiYunusobod tumani, Ts-5 massiviMo‘ljal: Moliya institutiYangi qurilgan uyQavat: 10 / 11Maydoni: 106 m²Holati: sifatli yangi ta’mirAqlli uy tizimi, ovozli boshqaruv (Alisa)To‘liq mebel va texnika bilan ta’minlanganNarxi: 234 999 AQSh dollari (kelishiladi)Telefon: +998 77 003 29 22",,https://www.olx.uz/d/oz/obyavlenie/srochno-3kom-muhtasham-105m2-finansovyj-institut-minor-arzon-ID420Aw.html
Jismoniy shaxs,Ikkilamchi bozor,3,70,3,4,Gʻishtli,Alohida ajratilgan,Alohida,Ha,"Oshxona, Balkon","Kasalxona, poliklinika, Maktab, Bolalar maydonchasi, Bolalar bogʻchasi, Bekatlar, Park, yashil zona, Koʻngilochar muassasalar, Restoran, kafelar, turargoh, Supermarket, doʻkonlar",Yo’q,Tavsif3 хона3 этаж4 этажли домКирпичныйМосковский проектТуалет ванна алохидаКатта балкон 6×2Катта кухня ва прихожкаЕвро янги ремонт хеч ким ящамаганУзим учун ремонт киганман яхщи нарсалар ишлатилганСрочно сотилгани учун 36.000$ киб бераман,,https://www.olx.uz/d/oz/obyavlenie/3-xonali-kvartira-sotiladi-ID46fQt.html
Biznes,Ikkilamchi bozor,3,70,3,9,,,,Ha,,"Kasalxona, poliklinika, Maktab, Bolalar maydonchasi, Bolalar bogʻchasi, Bekatlar, Park, yashil zona, Koʻngilochar muassasalar, Restoran, kafelar, turargoh, Supermarket, doʻkonlar",Yo’q,"TavsifПродаётся 3-х комнатная квартираОриентир: Ц-7, ЦУМ, Vohha, Посольство КореиКомнат: 3Этаж: 3Этажность: 9Общая площадь: 70 м2Состояние: Евро ремонтМебель+ТехникаЦена: 159.000 y.e.+998909946644 Улугбекt.me/akhulugbek",,https://www.olx.uz/d/oz/obyavlenie/c-7-prodaetsya-3-komnatnaya-kvartira-remont-cum-pos-vo-korei-ID41EuE.html
Biznes,Ikkilamchi bozor,3,85,5,9,,,,Ha,"Oshxona, Televizor, Balkon, Konditsioner, Internet, Kabelli TV, Telefon, Kir yuvish mashinasi, Muzlatkich","Restoran, kafelar, Bolalar bogʻchasi, turargoh, Bekatlar, Kasalxona, poliklinika, Supermarket, doʻkonlar, Park, yashil zona, Maktab, Koʻngilochar muassasalar, Bolalar maydonchasi",Yo’q,"Tavsif#Госпитальный , Капитал Банк#3комнатная3/5/9 панелСпец ПланКомнаты раздельныйСанузел раздельныйМебель+техникаСредним ремонтомБалкон 2*6Не торецОбщ пл 85м*2Цена 111000 Срочно!Звоните +998938361122",,https://www.olx.uz/d/oz/obyavlenie/gospitalnyj-3-5-9-spec-plan-mebel-texnika-srochno-balkon-2-6-85kvm-ID42Rgl.html
Biznes,Ikkilamchi bozor,3,108,7,7,,,,Yoʻq,,"Kasalxona, poliklinika, Maktab, Bolalar maydonchasi, Bolalar bogʻchasi, Bekatlar, Park, yashil zona, Koʻngilochar muassasalar, Restoran, kafelar, turargoh, Supermarket, doʻkonlar",Yo’q,"TavsifSotuvda 3 xonalik kvartiraSpec-PlanMo’ljal: Golubie Kupola restorani, Kosmonavtlar metrosi, Yakkasaroy tumaniXona soni: 3Qavat: 7Uy qavatligi: 7Kvadrat: 108 м2Holati: remontsizGarderob xonasi bor3 balkonBo'lingan sanuzelNarxi: 135.000 y.e.+998909946644 Ulugbek",,https://www.olx.uz/d/oz/obyavlenie/sotuvda-3-xonalik-kvartira-kosmonavtlar-metrosi-yakkasaroy-ID45rfk.html
Biznes,Yangi qurilgan uylar,3,90,3,6,,,,Ha,,,Yo’q,"TavsifПродаётся 3х комнатная квартира на 3 этаже в 6 этажном новостройке, общая площадь квартиры 90м², Вокзал, ориентир напротив 48 школы. 91-521-41-66.",,https://www.olx.uz/d/oz/obyavlenie/prodayotsya-3x-komnatnaya-kvartira-na-3-etazhe-vokzal-samarkand-ID3l6hC.html
Biznes,Yangi qurilgan uylar,2,53.20,2,3,Monolitli,Alohida ajratilgan,Alohida,Yoʻq,"Internet, Kabelli TV, Balkon","Kasalxona, poliklinika, Maktab, Bolalar maydonchasi, Bolalar bogʻchasi, Bekatlar, Park, yashil zona, Koʻngilochar muassasalar, Restoran, kafelar, turargoh, Supermarket, doʻkonlar",Yo’q,"TavsifБухоронинг кулай локациясида жойлашган, Бухоро услубидаги квартираларга старт бердик, замонавий мустахкам курилишКулай локация.Мустахкам курилиш.Замонавий фасад.Хавфсиз автотураргохХавфсиз болалар уйингохДомофон эшиклар2 - хоналик _ 53,2 кв.м2 - хоналик _ 61,0 кв.м3 - хоналик _ 83,5 кв.м3 - хоналик _ 100.0 кв.мТел: +998 [88] 308-40-03+998 [88) 143-40-04 Шохрух",,https://www.olx.uz/d/oz/obyavlenie/buxoro-uslubidagi-kvartiralarga-start-berdik-ID44SDi.html
Jismoniy shaxs,Ikkilamchi bozor,3,85,2,4,Gʻishtli,Alohida ajratilgan,Alohida,Ha,"Internet, Telefon, Muzlatkich, Televizor, Konditsioner, Kabelli TV, Kir yuvish mashinasi, Oshxona, Balkon","Kasalxona, poliklinika, Maktab, Bolalar maydonchasi, Bolalar bogʻchasi, Bekatlar, Park, yashil zona, Koʻngilochar muassasalar, Restoran, kafelar, turargoh, Supermarket, doʻkonlar",Yo’q,"TavsifПродается просторная 3-комнатная квартира для комфортной жизни в сердце Яккасайрайского района•Локация: Ташкент, Яккасарайский район, Ракат Махалля• Площадь: 85 кВ•Этаж: 3/2/4 торец•Рядом: Аския базар, текстильный институт,  корзинка, школы, множество детских садов, зеленый парк, много зелени, тихий закрытый двор•  О Доме: Хороший ремонт, высокопотолочка, толщина стен 2,5 кирпича , добродушные соседи, тихий двор, вся инфраструктура в шаговой доступности•остается техника ( 3 кондиционера , холодильник, микроволновка , стиральная машина и другая техника , мебельДополнительные преимущества :•имеется закрытый  гараж для автомобиля во дворе (обговаривается отдельно)•просторный подвал с собственной комнатой для хранения вещей•прекрасный вариант для семьи с детьми ( заходи и живи)• Тихая улица, никакого шума , не вдоль центральной трассы•все комнаты раздельные , санузлел раздельный ,  имеется детский, спортивный уголок , рабочие пространства, большая кухня• Цена : 120.000$• 90 977297790 3120494",,https://www.olx.uz/d/oz/obyavlenie/prodaetsya-svoya-3komn-kvartira-85kv-rakat-maxallya-yakksarajskij-rajon-ID44ftx.html
Biznes,Yangi qurilgan uylar,4,90,3,4,Gʻishtli,Alohida ajratilgan,Alohida,Ha,"Muzlatkich, Internet, Televizor, Telefon","Restoran, kafelar, Bolalar bogʻchasi, Bekatlar, Park, yashil zona, Kasalxona, poliklinika, Koʻngilochar muassasalar, Maktab, Bolalar maydonchasi",Yo’q,TavsifСадык АзимоваОриентир головной офис UzHavoYollariEfendi кафеКомнат : 4Этаж : 3Этажность : 4Площадь: кирпич 90м2Состояние: с ремонтомДва(2) сануздаПолностью укомплектованаРазвитая инфраструктураХороший дом и соседиЦена: 155 000у.е+998900070022,,https://www.olx.uz/d/oz/obyavlenie/prodaetsya-kvartira-sadyk-azimova-4-3-4-90m2-s-remontom-ID46fQj.html
Biznes,Ikkilamchi bozor,3,60,7,12,Monolitli,Aralash-alohida,Alohida,Yoʻq,"Internet, Telefon, Muzlatkich, Televizor, Konditsioner, Kabelli TV, Kir yuvish mashinasi, Oshxona, Balkon","Kasalxona, poliklinika, Bolalar maydonchasi, Bolalar bogʻchasi, Bekatlar, Park, yashil zona, Koʻngilochar muassasalar, turargoh, Supermarket, doʻkonlar, Maktab",Yo’q,TavsifСрочно продаю свою 2х переделанную в 3х комнатную квартиру.Не торец.Яккасарайском  районе.По улица Бабура 3/7/12!Орентир Аэропорт мост.Ценна 71000$ .Звонить по номеру+998903263883,,https://www.olx.uz/d/oz/obyavlenie/prodayu-svoyu-kvartiru-ID46fQi.html
Biznes,Ikkilamchi bozor,1,27,4,4,Gʻishtli,Aralash-alohida,Aralash,Ha,"Internet, Muzlatkich, Kabelli TV, Kir yuvish mashinasi, Balkon","Kasalxona, poliklinika, Maktab, Bolalar maydonchasi, Bolalar bogʻchasi, Bekatlar, Park, yashil zona, Koʻngilochar muassasalar, Restoran, kafelar, turargoh, Supermarket, doʻkonlar",Yo’q,TavsifПродается квартира в кирпичном доме с навесным балкономСостояние квартиры среднееМожно сдать в аренду за 250уе+998 947751080 Станислав,,https://www.olx.uz/d/oz/obyavlenie/ttz-1-srochno-ipoteka-1-4-4-33500ue-ID45QiZ.html
Biznes,Yangi qurilgan uylar,3,78,3,10,,,,Ha,,"Kasalxona, poliklinika, Maktab, Bolalar maydonchasi, Bolalar bogʻchasi, Bekatlar, Park, yashil zona, Koʻngilochar muassasalar, Restoran, kafelar, turargoh, Supermarket, doʻkonlar",Yo’q,"TavsifПродаётся 3-х комнатная квартира в ЖК SolarisОриентир: массив Кушбеги, Яккасарайский районКомнат: 3Этаж: 3Этажность: 10Общая площадь: 78 м2Состояние: Дизайнерский ремонтТурецкая Мебель+ТехникаЕсть балконЦена: 115.000 y.e+998909946644 Улугбекt.me/akhulugbek",,https://www.olx.uz/d/oz/obyavlenie/solaris-prodaetsya-3-komnatnaya-kvartira-remont-kushbegi-ID44xt3.html
Biznes,Ikkilamchi bozor,3,60,4,4,,,,Ha,,,Yo’q,TavsifДархан Тамара Хоним 4Ориентир кафе Дархан2в3 комнатная / 4 этаж / 4 этажного домаПлощадь 60м277-серияЦена 123’000 у.е+998978770077 Алексей,,https://www.olx.uz/d/oz/obyavlenie/darxan-2v3-4-4-ulica-tamara-xonim-77-seriya-kirpich-ID45rf6.html
Biznes,Yangi qurilgan uylar,1,34,5,9,Gʻishtli,Studiya,Aralash,Yoʻq,"Internet, Telefon, Kabelli TV, Balkon","Kasalxona, poliklinika, Maktab, Bolalar maydonchasi, Bolalar bogʻchasi, Bekatlar, Park, yashil zona, Koʻngilochar muassasalar, Restoran, kafelar, turargoh, Supermarket, doʻkonlar",Yo’q,"TavsifПродается 1-комнатная квартира-студия в ЖК Tiara Residence, Мирзо-Улугбекский районИдеальный вариант для инвестиций или комфортной городской жизни.Представляем вашему вниманию компактную и функциональную 1-комнатную квартиру-студию в современном жилом комплексе Tiara Residence от одноименного застройщика. Расположенный в престижном Мирзо-Улугбекском районе, этот комплекс предлагает удобство и доступность ключевых объектов инфраструктуры.Квартира находится на 5-м этаже 9-этажного кирпичного дома, что обеспечивает надежность конструкции и хорошую звукоизоляцию. Общая площадь составляет 34 квадратных метра, что является идеальным решением для молодых специалистов, студентов или в качестве выгодной инвестиции под аренду. Квартира сдается в состоянии ""коробка"" (shell & core), давая вам полную свободу в создании интерьера, соответствующего вашим предпочтениям и стилю.Оптимальная планировка и удобства.Эта квартира имеет планировку студии, что создает открытое и светлое пространство. Совмещенный санузел обеспечивает максимальную компактность и функциональность. Наличие кадастрового документа гарантирует юридическую чистоту и безопасность сделки.Выгодное расположение и развитая инфраструктура.Жилой комплекс Tiara Residence находится в районе с развитой инфраструктурой и отличной транспортной доступностью. В непосредственной близости расположены:ИНХА Институт (INHA University in Tashkent)Военный госпитальТакое расположение обеспечивает легкий доступ к образовательным учреждениям, медицинским учреждениям и другим важным городским объектам.Цена: 65 010 долларов СШАНе упустите возможность приобрести функциональную квартиру-студию в одном из востребованных районов Ташкента!Для получения дополнительной информации и организации просмотра, пожалуйста, свяжитесь с Равшаном по номеру: +99877 2533300.Mirzo-Ulug'bek tumani, Tiara Residence turar-joy majmuasida 1 xonali studiya kvartira sotiladiInvestitsiya yoki qulay shahar hayoti uchun ideal variant.E'tiboringizga zamonaviy Tiara Residence turar-joy majmuasidagi ixcham va funksional 1 xonali studiya kvartirani taqdim etamiz. Nufuzli Mirzo-Ulug'bek tumanida joylashgan ushbu majmua qulaylik va asosiy infratuzilma ob'ektlariga qulaylikni taklif etadi.Kvartira 9 qavatli g'ishtli uyning 5-qavatida joylashgan bo'lib, bu mustahkamlik va yaxshi shovqin izolyatsiyasini ta'minlaydi. Umumiy maydoni 34 kvadrat metrni tashkil etadi, bu yosh mutaxassislar, talabalar uchun yoki ijara uchun foydali investitsiya sifatida ideal yechimdir. Kvartira ""korobka"" (qora suvoq) holatida topshiriladi, bu sizga o'z xohishingiz va uslubingizga mos keladigan interyerni yaratishda to'liq erkinlik beradi.Optimal reja va qulayliklar.Bu kvartira studiya rejasiga ega bo'lib, ochiq va yorug' makonni yaratadi. Birlashtirilgan sanuzel maksimal ixchamlik va funksionallikni ta'minlaydi. Kadastr hujjatining mavjudligi bitimning yuridik tozaligi va xavfsizligini kafolatlaydi.Qulay joylashuv va rivojlangan infratuzilma.Tiara Residence turar-joy majmuasi rivojlangan infratuzilma va ajoyib transport qulayligiga ega hududda joylashgan. Yaqin atrofda quyidagilar joylashgan:INHA Instituti (Toshkentdagi INHA universiteti)Harbiy gospitalBunday joylashuv ta'lim muassasalari, tibbiyot muassasalari va boshqa muhim shahar ob'ektlariga oson kirishni ta'minlaydi.Narxi: 65 010 AQSh dollariToshkentning eng talabgir tumanlaridan birida funksional studiya kvartira sotib olish imkoniyatini qo'ldan boy bermang!Qo'shimcha ma'lumot olish va ko'rishni tashkil qilish uchun, iltimos, Ravshan bilan quyidagi raqam orqali bog'laning: +99877 2533300.",,https://www.olx.uz/d/oz/obyavlenie/mirzoulugbektiara-klubnyj-dom-1kom-kvartira-34m2-studiya-inxa-univer-ID46fND.html
Biznes,Yangi qurilgan uylar,3,83,3,10,Gʻishtli,Alohida ajratilgan,Alohida,Yoʻq,,,Bor,"Tavsif#Эшонгузар Сити 3 хонали  Квартира Срочно СОТИЛАДИ+998901388000Qaxramon_B+998911648487Xojiakbar8487МАНЗИЛ: Зангиота тумани Эшонгузар СитиМАЙДОНИ: 83 квМулжал: Эшонгузар СитиЭтажност Дома: 10Этаж: 3ХОНАЛАР СОНИ: 3 хона евро ремонт Авторский проект1 та санузел 1 ванная  1 та ошхонаДом атрофида,Масжид,Мактаб, боґча, Детская Площадка Бозор Магазин Овкатланиш жойлари борНархи  75.000 $",,https://www.olx.uz/d/oz/obyavlenie/eshonguzar-siti-3-xona-evro-remont-ID45QiS.html
Biznes,Ikkilamchi bozor,2,48,2,5,Gʻishtli,,Aralash,Ha,"Telefon, Kir yuvish mashinasi, Internet, Kabelli TV, Televizor, Balkon, Muzlatkich, Oshxona","Bolalar maydonchasi, Maktab, Koʻngilochar muassasalar, Kasalxona, poliklinika, Supermarket, doʻkonlar, Park, yashil zona, Bekatlar, turargoh, Bolalar bogʻchasi, Restoran, kafelar",Yo’q,"TavsifЧилонзор 25 Квартал2\2\5ЕвроремонтПлошад 48м2Балкон 1,5×3Цена 57.500$",,https://www.olx.uz/d/oz/obyavlenie/chilanzar-25-kvartal-2-2-5-prodayotsya-evroremont-kvartira-ID452g3.html
Biznes,Ikkilamchi bozor,2,60,3,4,Gʻishtli,Alohida ajratilgan,Alohida,Ha,"Telefon, Kabelli TV, Internet, Konditsioner, Balkon, Televizor, Oshxona, Muzlatkich, Kir yuvish mashinasi","Bolalar maydonchasi, Maktab, Koʻngilochar muassasalar, Kasalxona, poliklinika, Supermarket, doʻkonlar, Park, yashil zona, Bekatlar, turargoh, Bolalar bogʻchasi, Restoran, kafelar",Yo’q,"TavsifПродаётся 2х комнатная квартира на Яшнабадский район ул Авиосозлар 1. Общая площадь 60кв.м2. 77серия кирпич.2х комнатная квартира 3-этаже 4х этажного дома Авиосозлар 1. Продаётся квартира с мебелью и техникой, с балконом 2х6 комнату разделение Санузел разделение  расположена в хорошим месте рядом есть школа 61, детский сад,магазин  карзинка, метро 3-бекат.  Подробнее по вопросу звоните...+998935733009",,https://www.olx.uz/d/oz/obyavlenie/prodayotsya-2x-kom-aviosozlar-1-77seriya-kirpich-ID45reQ.html
Biznes,Yangi qurilgan uylar,3,75,6,10,Gʻishtli,Alohida ajratilgan,Alohida,Yoʻq,"Internet, Telefon, Kabelli TV, Oshxona, Balkon","Kasalxona, poliklinika, Maktab, Bolalar maydonchasi, Bolalar bogʻchasi, Bekatlar, Park, yashil zona, Koʻngilochar muassasalar, Restoran, kafelar, turargoh, Supermarket, doʻkonlar",Yo’q,"TavsifToshkent viloyati ,Nurafshon shaxridagi""Nurafshon Palace""dan tayyor xonadonlar!",,https://www.olx.uz/d/oz/obyavlenie/subsidya-va-ipatekaga-tayyor-xonadonlar-ID452fW.html
Biznes,Yangi qurilgan uylar,3,102.30,4,5,Monolitli,Alohida ajratilgan,Alohida,Yoʻq,"Internet, Telefon, Oshxona, Balkon","Kasalxona, poliklinika, Maktab, Bolalar maydonchasi, Bolalar bogʻchasi, Bekatlar, Park, yashil zona, Koʻngilochar muassasalar, Restoran, kafelar, turargoh, Supermarket, doʻkonlar",Yo’q,"Tavsif3/3/5 - NRG Voha - 102.3м - Без ремонта - 1м - 2400$ - 245520*Планировка: Новостройка - ЖК Премиум КлассаСостояние: Сделаны межкомнатные перегородкиПлощадь: 102.3мЦена: 245520 уеСрок сдачи: Октябрь 2025 года*Цена на Любую из нижеперечисленных квартир ДЕШЕВЛЕ чем у Застройщика*Квартира подходит для самостоятельного проживания или сдачи в аренду+ Смотрите другие варианты: в разделе Другие Объявления ПользователяVOHA 12/1/5 - NRG Voha - 65.2м - Без ремонта - 1м - 2600$ - 169520*2/1/5 - NRG Voha - 55.40м - Без ремонта - 1м - 2400$ - 132960*2/2/5 - NRG Voha - 55.23м - Без ремонта - 1м - 2400$ - 132552*3/1/5 - NRG Voha - 145,3м - Без ремонта - 1м - 2974$ - 4322503/3/5 - NRG Voha - 102.3м - Без ремонта - 1м - 2400$ - 245520*3/3/5 - NRG Voha - 102.3м - Без ремонта - 1м - 2989$ - 3058353/5/5 - NRG Voha - 110.6м - Без ремонта - 1м - 3516$ - 3889713/5/5 - NRG Voha - 148.01м - Без ремонта - 1м - 3101$ - 4590524/1/5 - NRG Voha - 128.4м - Без ремонта - 1м - 2938$ - 3773664/2/5 - NRG Voha - 124.76м - Без ремонта - 1м - 2700$ - 336852*4/3/5 - NRG Voha - 147.10м - Без ремонта - 1м - 2400$ - 353040*4/4/5 - NRG Voha - 130,50м - Без ремонта - 1м - 2851$ - 3721434/5/5 - NRG Voha - 147.59м - Без ремонта - 1м - 2450$ - 361596*5/3/5 - NRG Voha - 167.4м - Без ремонта - 1м - 2811$ - 4706225/4/5 - NRG Voha - 152.67м - Без ремонта - 1м - 2500$ - 381675*5/5/5 - NRG Voha - 249.69м - Без ремонта - 1м - 3423$ - 854819VOHA 22/2/5 - NRG Voha 2 - 53.07м - Без ремонта - 1м - 2274$ - 1206962/3/5 - NRG Voha 2 - 53.2м - Без ремонта - 1м - 2301$ - 1224512/4/5 - NRG Voha 2 - 75.67м - Без ремонта - 1м - 2231$ - 1688892/4/5 - NRG Voha 2 - 53.03м - Без ремонта - 1м - 2260$ - 1198762/5/5 - NRG Voha 2 - 52.89м - Без ремонта - 1м - 2594$ - 1372292/5/5 - NRG Voha 2 - 67.88м - Без ремонта - 1м - 2679$ - 1818973/2/5 - NRG Voha 2 - 77.1м - Без ремонта - 1м - 2322$ - 1790503/3/5 - NRG Voha 2 - 84.62м - Без ремонта - 1м - 2202$ - 1863433/4/5 - NRG Voha 2 - 76.76м - Без ремонта - 1м - 2322$ - 1782823/5/5 - NRG Voha 2 - 70.47м - Без ремонта - 1м - 2631$ - 1854693/5/5 - NRG Voha 2 - 80.64м - Без ремонта - 1м - 2558$ - 2063264/2/5 - NRG Voha 2 - 115.28м - Без ремонта - 1м - 2209$ - 2546584/3/5 - NRG Voha 2 - 108.07м - Без ремонта - 1м - 2159$ - 2333874/4/4 - NRG Voha 2 - 122.67м - Без ремонта - 1м - 2925$ - 3588304/5/5 - NRG Voha 2 - 100.49м - Без ремонта - 1м - 3072$ - 3087524/5/5 - NRG Voha 2 - 120.42м - Без ремонта - 1м - 2798$ - 3370035/4/5 - NRG Voha 2 - 151м - Без ремонта - 1м - 3291$ - 496969В квартире предусмотрена:• Перегородка стен, готовая планировка/свободная планировка.• Двухконтурный индивидуальный котел.• Входная облагороженная металлическая дверь с устройством глазка, номерка, механического замка.• IP-домофон.• Теплый пол в санузле, и песчано-бетонная стяжка.• Вся электрическая проводка раскинута по квартире.• Счетчики воды, счетчики света и газа, радиаторы отопления.• В санузлах будут выведен отвод для разводки сантехнических труб.• Стеклопакет с двойным остеклением из ПВХа.Преимущества расположения — это место с хорошей инфраструктурой, в шаговой доступности станции метро, и мирабад все удобства для комфортного проживания габус, есть удобный заезд и выезд на проезжую часть. boulevard, gardens residence, tashkent city, ташкент сити, парисьен, parisien, kislorod, кислород, parkwood, парквуд, ozbegim, узбегим, nrg u-tower, mirzo ulug’bek, oybek, zamon, hayot, jomiy, qorasuv. Эксклюзивный жилой комплекс это воплощение восточного современного стиля в сочетании с комфортом и безопасностью спецплан. Комплекс выполнен гостиница россия по индивидуальному grand mir hotel авторскому проекту с супермаркет корзинка, смарт, makro отделкой дорогими натуральными чиланзар-2 материалами уникальный дизайн фасада, новостройка voha оптимально удобной планировкой с балконами и лоджии, ойбек чтобы жители госпитальный чувствовали космонавтов себя защищенными шевченко и в безопасности чехова, территория комплекса кунаева находиться под охраной и видео-наблюдением яккачинар, закрытый зелёный двор чимкентская, гоголя детские площадки для всех возрастов, сухой фонтан, подземный паркинг цум и гостевой паркинг, просторные холлы.Официальный ПАРТНЕР Застройщика - отдел продаж - Компания - ""TRUST INVEST""***Оптимально БыстроКупить / Продать / Снять / СдатьЖилую и Коммерческую НедвижимостьЦена: 245520 уеТел: 889798899",,https://www.olx.uz/d/oz/obyavlenie/3-3-5-zhk-nrg-voha-premium-klass-cialkovskaya-bij-oltintepa-ID40OPu.html
Jismoniy shaxs,Ikkilamchi bozor,2,53.30,4,4,Panelli,Alohida ajratilgan,Aralash,Yoʻq,,"Maktab, Bolalar maydonchasi, Bolalar bogʻchasi, Restoran, kafelar, turargoh, Supermarket, doʻkonlar",Yo’q,TavsifПродается своя квартира на Кадышева.Состояние: ремонт в процессеПлощадь: 53.3 кВ.м.4-этаж 4-х этажного дома.Подробности по телефону+998977529111,,https://www.olx.uz/d/oz/obyavlenie/2-x-komnatnaya-2-4-4-ID423wT.html
Jismoniy shaxs,Ikkilamchi bozor,3,70,2,5,Gʻishtli,Alohida ajratilgan,Alohida,Yoʻq,"Internet, Telefon, Konditsioner, Kir yuvish mashinasi, Oshxona, Balkon","Kasalxona, poliklinika, Maktab, Bolalar maydonchasi, Bolalar bogʻchasi, Bekatlar, Park, yashil zona, Koʻngilochar muassasalar, Restoran, kafelar, turargoh, Supermarket, doʻkonlar",Yo’q,TavsifНавоий шахрида 7-микрорайонда 3 хонали уй (раздельная планировка) сотилади.Мўлжал: 4-мактаб олдида.,,https://www.olx.uz/d/oz/obyavlenie/navoij-shaxrida-3-2-5-uj-sotiladi-ID41pWO.html
Jismoniy shaxs,Ikkilamchi bozor,2,56,2,2,Gʻishtli,Alohida ajratilgan,Aralash,Yoʻq,"Oshxona, Internet, Balkon","Maktab, Supermarket, doʻkonlar, Park, yashil zona, Kasalxona, poliklinika, turargoh, Bekatlar, Bolalar bogʻchasi, Restoran, kafelar, Bolalar maydonchasi, Koʻngilochar muassasalar",Yo’q,"Tavsif.Квартира находится в Городе Чирчик 2 комнаты, газовое отопление, горячая вода  Чирчиқ шахрида горпаркдв жойлашган. 902701883.  904641108.",,https://www.olx.uz/d/oz/obyavlenie/prodaetsya-kvartira-v-centre-goroda-chirchik-tashkent-ID3O0E3.html
Biznes,Yangi qurilgan uylar,3,50,5,9,Gʻishtli,Alohida ajratilgan,Aralash,Ha,"Internet, Muzlatkich, Televizor, Konditsioner, Kabelli TV, Kir yuvish mashinasi, Oshxona, Balkon","Kasalxona, poliklinika, Maktab, Bolalar maydonchasi, Bolalar bogʻchasi, Bekatlar, Park, yashil zona, Koʻngilochar muassasalar, Restoran, kafelar, turargoh, Supermarket, doʻkonlar",Yo’q,TavsifПродаётся Евроремонт новостройка ЖК NEW LIFEКол.комнат 2в3Этаж 5Этажность 9Площадь 50м2Ремонт ЕвроремонтЦена 79.000Можно сдать в аренду за 600-800 у.е,,https://www.olx.uz/d/oz/obyavlenie/srochno-new-life-2v3-5-9-novostrojka-maxtumkuli-s-mebelyu-i-texnikoj-ID45rg6.html
Jismoniy shaxs,Yangi qurilgan uylar,4,115,8,9,Gʻishtli,Alohida ajratilgan,2 va undan koʻp sanuzel,Ha,"Internet, Muzlatkich, Televizor, Konditsioner, Kir yuvish mashinasi, Oshxona, Balkon","Kasalxona, poliklinika, Bolalar maydonchasi, Bolalar bogʻchasi, Bekatlar, Koʻngilochar muassasalar, Restoran, kafelar, turargoh, Supermarket, doʻkonlar, Maktab",Yo’q,"TavsifПродаем свою 4-х комнатную квартиру в Юнусабадском районе, 15 квартал, улица Юнусота, дом 42а, новостройка, 9-этажка. Ориентир - остановка Баходир. Квартира расположена на 8 этаже, с новым евро-ремонтом, сделанным для себя, качественно.Площадь 115 квадратных метров. Два санузла, регулируемый теплый пол, кондиционеры во всех комнатах. Балкон квартиры с видом на горы. Важно заметить, что квартира не расположена на солнечной стороне.Продается с частично встроенной мебелью и техникой. Можно рассмотреть возможность продажи со всей мебелью.",,https://www.olx.uz/d/oz/obyavlenie/kvartira-yunusabatskij-rajon-15-kvartal-4-komnatnaya-ID3M8qi.html
Jismoniy shaxs,Ikkilamchi bozor,3,95,7,9,Panelli,Alohida ajratilgan,2 va undan koʻp sanuzel,Yoʻq,"Oshxona, Televizor, Balkon, Konditsioner, Internet, Kabelli TV, Telefon, Kir yuvish mashinasi, Muzlatkich","Restoran, kafelar, Bolalar bogʻchasi, turargoh, Bekatlar, Kasalxona, poliklinika, Supermarket, doʻkonlar, Park, yashil zona, Maktab, Koʻngilochar muassasalar, Bolalar maydonchasi",Yo’q,"TavsifСергели-7Общая площадь 95 m2.3-х ком.(переделанная в 5-х).2-Санузела7 этаж 9 этажного дома.Высота потолков 3,00В квартире есть интернет, кондиционер 2шт., параболическая антенна, холодильник, стиральная машина.Имеются 2 стояночных места для парковки автомобилей.Рядом метро, дет.сад., школа, мед. клиники. Развитая инфраструктура.Маклерам не беспокоить.Цена- 110 000у.е.Ориентир: Сергели-7, автобусная конечная и 3-станция метро.",,https://www.olx.uz/d/oz/obyavlenie/prodayotsya-uyutnaya-3-x-kvartira-v-sergeli-7-avtobusnaya-konechnaya-ID31hRR.html
Biznes,Ikkilamchi bozor,1,30,3,4,Panelli,,Alohida,Ha,,,Yo’q,Tavsifchilonzor 3 kvartal1/3/4yevro remontmebel texnikaтеплый полориентир  Estimed51500,,https://www.olx.uz/d/oz/obyavlenie/chilonzor-3-evro-remont-1-komnatnaya-orientir-estimed-ID46fR9.html
Biznes,Ikkilamchi bozor,2,55,4,4,,,,Ha,,"Kasalxona, poliklinika, Maktab, Bolalar maydonchasi, Bolalar bogʻchasi, Bekatlar, Park, yashil zona, Koʻngilochar muassasalar, Restoran, kafelar, turargoh, Supermarket, doʻkonlar",Yo’q,"TavsifПродаётся 2-х комнатная квартираОриентир: Ц-7, ЦУМ, 110-школаКомнат: 2Этаж: 4Этажность: 4Общая площадь: 55 м2Состояние: с ремонтомМебель+ТехникаЦена: 90.000 y.e+998909946644 Улугбекt.me/akhulugbek",,https://www.olx.uz/d/oz/obyavlenie/prodaetsya-2-komnatnaya-kvartira-remont-c-7-cum-110-shkola-ID45rfV.html
Jismoniy shaxs,Ikkilamchi bozor,5,110,5,5,Panelli,,Alohida,Ha,"Internet, Telefon, Muzlatkich, Televizor, Konditsioner, Kabelli TV, Kir yuvish mashinasi, Oshxona, Balkon","Kasalxona, poliklinika, Maktab, Bolalar maydonchasi, Bolalar bogʻchasi, Bekatlar, Park, yashil zona, Koʻngilochar muassasalar, Restoran, kafelar, turargoh, Supermarket, doʻkonlar",Bor,TavsifЮнусабад 14кв. 5/5/5. 110кв. Ремоти яхши. 5 хона кенг ва катта уй. Балкон 2х9. Ипотекага ҳам берилади. Тел 998409462,,https://www.olx.uz/d/oz/obyavlenie/yunusabad-14kv-5-5-5-110kv-balkon-2x9-ID45QgA.html
Biznes,Yangi qurilgan uylar,2,55.50,8,16,,,,Yoʻq,,,Yo’q,Tavsifродаются квартиры в новом блоке ЖК Turkiston Avenue!2-ком 55.5кв.м2При 100% оплате - 484.515.000 млнПри рассрочке 538.350.000 млнПервоночальный взнос 30%-161.505.000млн70%-    36 месяц  по  10.468.000 сумУникальное предложение!Начали продажу квартир в новом блоке по выгодным ценам.Условия покупки:Рассрочка на 36 месяцев без процентовОт насВходная дверьНаружные оконные блокиПерегородкиУстановленные счётчикиПлощадь квартир:Студии: от 29 до 38 м²1-комнатные: от 37 до 49 2-комнатные: от 51 до 64 3-комнатные: от 86 до 126Количество квартир ограничено! Успейте приобрести жильё в престижном комплексе Turkiston Avenue.Юнусабод бетонка [Уч кахрамон круг]773701080,,https://www.olx.uz/d/oz/obyavlenie/1-kom-kvartira-s-rassrochkoj-na-36-mesyac-turkiston-avenue-1080-ID3PMS0.html
Biznes,Ikkilamchi bozor,3,70,2,4,Gʻishtli,,,Ha,,,Yo’q,TavsifДоброе время сутокПродается шикарная квартира в ЦентреЦ  6    Метро  МИНОРРесторан  LALI  ( На Небе )До метро 200  метров3/4 - 2 - 4   КИРПИЧСвердловская планировка70  кв.мАвторский ремонт. Мебель и техника. Полностью упакована. Тёплые полы.2  Кондиционера2  Т.В.Цена 128.500 у.е  торг на местеЗвоните 887200744 Юлия,,https://www.olx.uz/d/oz/obyavlenie/massiv-minor-lali-or-r-3v4-2-4-balkon-2x6-novaya-upakovka-ID46fR3.html
Jismoniy shaxs,Ikkilamchi bozor,1,34,4,4,,,,Ha,,,Yo’q,"TavsifChilonzor 171*2/4/4, 34 kvadratMetroga 800 metrRemont yangi,Wi fi, ITV kabel.Narxi 46000$.",,https://www.olx.uz/d/oz/obyavlenie/chilonzor-17-uy-bor-ID46fQX.html
Jismoniy shaxs,Ikkilamchi bozor,4,87,4,5,Monolitli,Alohida ajratilgan,Alohida,Ha,"Internet, Telefon","Kasalxona, poliklinika, Maktab, Bolalar maydonchasi, Bolalar bogʻchasi, Bekatlar, Park, yashil zona, Koʻngilochar muassasalar, Restoran, kafelar, turargoh, Supermarket, doʻkonlar",Yo’q,TavsifПродаеться квартира 4-х комнатная с лоджай 4 этаж расположенная в 10 мкр улица А.Навои 52-38 евро ремонт подробности по тел +998 50-003-50-53Квартира сотилади 4-хоналик лоджалик 4 этаж 10 мкрда батафсил +998 50-003-50-53,,https://www.olx.uz/d/oz/obyavlenie/prodaetsya-kvartira-ID3y4g0.html
Jismoniy shaxs,Yangi qurilgan uylar,4,92,3,5,Gʻishtli,Studiya,Alohida,Ha,"Internet, Muzlatkich, Konditsioner, Kabelli TV, Kir yuvish mashinasi, Oshxona, Balkon","Kasalxona, poliklinika, Maktab, Bolalar maydonchasi, Bolalar bogʻchasi, Bekatlar, Park, yashil zona, Restoran, kafelar, turargoh, Supermarket, doʻkonlar",Yo’q,TavsifMirzo Ulug’bek tumani Alisherobod Mfyda joylashgan yangi qurilgan uylar sotiladi,,https://www.olx.uz/d/oz/obyavlenie/mirzo-ulugbek-tumanida-yangi-qurilgan-xonadonlar-sotiladi-ID45lrb.html
Jismoniy shaxs,Ikkilamchi bozor,3,54,2,4,Panelli,Alohida ajratilgan,Alohida,Ha,"Internet, Telefon, Televizor, Konditsioner, Oshxona, Balkon","Kasalxona, poliklinika, Maktab, Bolalar maydonchasi, Bolalar bogʻchasi, Bekatlar, Park, yashil zona, Koʻngilochar muassasalar, Restoran, kafelar, turargoh, Supermarket, doʻkonlar",Yo’q,TavsifПродается СВОЯ 3х комнатная квартира на 2м этаже Мархабо Сангизар. Цена 58.500$ только за наличные. Звонить с 9.00 до 23.00 по номеру +99891 540 11 86,,https://www.olx.uz/d/oz/obyavlenie/prodaetsya-3x-komnatnaya-kvartira-marxabo-sangizar-ID43tUB.html
Biznes,Ikkilamchi bozor,4,90,8,9,,,,Yoʻq,,,Yo’q,Tavsifпродается вторичка 4/8/9площадь 90м2состояние требует ремонтаЦена 120 000+998978770077 Алексей,,https://www.olx.uz/d/oz/obyavlenie/c-4-orientir-shedevr-vtorichka-4-8-9-90m2-ID45rfI.html
Biznes,Yangi qurilgan uylar,3,100,4,5,Gʻishtli,Alohida ajratilgan,2 va undan koʻp sanuzel,Ha,,,Bor,"TavsifХоналар сони: #3хКават: 4Уйнинг каватлар сони: 5Манзил: шарк 1, гор больница чоррахаКурилиш тури: кирпичныйХоналар жойлашуви: алохида, икки томонламаУмумий майдони: 100 квмХолати: авторский проект, евроремонтНархи: 52.500$Тел:91-246-7447 / 91-979-7447",,https://www.olx.uz/d/oz/obyavlenie/3-xonalik-kvartira-4-etazh-yangi-dom-shark-1-gor-bolnica-chorraxa-ID46fQQ.html
Biznes,Yangi qurilgan uylar,2,42,7,8,Gʻishtli,Alohida ajratilgan,Aralash,Yoʻq,"Internet, Kabelli TV, Oshxona","Kasalxona, poliklinika, Bolalar maydonchasi, Bolalar bogʻchasi, Bekatlar, Park, yashil zona, Koʻngilochar muassasalar, Restoran, kafelar, turargoh, Supermarket, doʻkonlar, Maktab",Yo’q,Tavsif#Яшнабот тумани иззат кочасида арентр Кадишва базори2/7/8. 42м2 Гиштли дом лифти бор кадастри бор атрофда хамма кулайлиглари бор навастройкаТел 939261219,,https://www.olx.uz/d/oz/obyavlenie/srochno-sotiladi-yashnabot-zhk-izzat-aziya-xaus-navastrojka-ID45Qjv.html
Biznes,Ikkilamchi bozor,4,80,4,4,Gʻishtli,Alohida ajratilgan,Alohida,Yoʻq,"Telefon, Internet, Balkon, Oshxona, Kabelli TV","Bolalar maydonchasi, Maktab, Koʻngilochar muassasalar, Kasalxona, poliklinika, Supermarket, doʻkonlar, Park, yashil zona, Bekatlar, turargoh, Bolalar bogʻchasi, Restoran, kafelar",Yo’q,"TavsifТел: 997643233Чиланзар 22 квартал4|4|4Ориентир: Автобус конечкаРемонт: СреднийТип строения: КирпичныйПланировка:#РазделкаПлощадь: 80м²Балкон: 2х6,  1.5х3Сан.узел: раздельныйМебель: нетТехника: нетЦена: 73000",,https://www.olx.uz/d/oz/obyavlenie/4-xona-chilanzar-22-kv-balkon-2x6-1-5x3-orientir-avtobus-konechka-ID452gA.html
Biznes,Ikkilamchi bozor,1,33,6,9,Monolitli,,,Yoʻq,,,Yo’q,Tavsif(Новостройка) 9 этажка 6-этаж без ремонта 33 квадрат метр 20.000$,,https://www.olx.uz/d/oz/obyavlenie/prodaetsya-1-kom-kvartira-2-oj-m-rajon-ID41Dox.html
Biznes,Yangi qurilgan uylar,2,38,5,9,Panelli,Studiya,Aralash,Ha,,,Yo’q,"Tavsif2/5/9Махтумкули ул.Новостройка  ЖК Green Parkплощадь 38 кв.,евроремонт, мебель, техника,с арендатором 500цена 62.000+998332092929+998909553948",,https://www.olx.uz/d/oz/obyavlenie/prodayotsya-kvartira-2-5-9-green-park-maxtumkuli-38-m2-srochno-ID45rfs.html
Biznes,Ikkilamchi bozor,1,29,4,4,Panelli,,,Yoʻq,,,Yo’q,Tavsif1хона 4 этажка домни 4-этажи холати яхши йўлга яқин жойда жойлашган! 29 квадрат,,https://www.olx.uz/d/oz/obyavlenie/arancha-pobeda-prodaetsya-1-kom-kvartira-ID3VjlR.html
Biznes,Yangi qurilgan uylar,2,40,7,10,,,,Ha,,"Kasalxona, poliklinika, Maktab, Bolalar maydonchasi, Bolalar bogʻchasi, Bekatlar, Park, yashil zona, Koʻngilochar muassasalar, Restoran, kafelar, turargoh, Supermarket, doʻkonlar",Yo’q,"TavsifПродаётся 2-х комнатная квартира ЖК Poytaxt GavhariОриентир: метро Минор, Алайский рынокКомнат: 2Этаж: 7Этажность: 10Общая площадь: 40 м2Состояние: Новый ремонтМебель+ТехникаЦена: 105.000 y.e.+998909946644 Улугбекt.me/akhulugbek",,https://www.olx.uz/d/oz/obyavlenie/poytaxt-gavhari-prodaetsya-2-komnatnaya-kvartira-remont-minor-alajskij-ID3YpxG.html
Biznes,Yangi qurilgan uylar,3,65,2,9,,,,Ha,"Kir yuvish mashinasi, Muzlatkich, Oshxona, Televizor, Konditsioner, Internet, Kabelli TV, Telefon","Restoran, kafelar, Bolalar bogʻchasi, turargoh, Bekatlar, Supermarket, doʻkonlar, Park, yashil zona, Kasalxona, poliklinika, Koʻngilochar muassasalar, Maktab, Bolalar maydonchasi",Yo’q,TavsifПродаётся 3-х комнатная квартира в Новостройке.Ор-р: Паркентский рынокРайон: Яшнабадский р-нКомнат: 3Этаж: 2Этажность: 9Площадь: 65м2Состояние: Евро ремонтМебель + ТехникаЦена: 114.000 у.е+998951359959 Достон,,https://www.olx.uz/d/oz/obyavlenie/prodayotsya-kvartira-3-2-9-65m2-v-novostrojke-ID452gt.html
Jismoniy shaxs,Ikkilamchi bozor,3,70,2,5,Panelli,Alohida ajratilgan,Alohida,Ha,"Internet, Telefon, Televizor, Oshxona, Balkon","Maktab, Bolalar maydonchasi, Bolalar bogʻchasi, Bekatlar, Park, yashil zona, Koʻngilochar muassasalar, Restoran, kafelar, turargoh, Supermarket, doʻkonlar",Yo’q,"TavsifПродажаОриентир: #15_кварталКоличество комнат: #3комнатнаяЭтаж: 2Этажность: 5Планировка: РаздельнаяСанузел: РаздельныйРемонт: СреднийОбщая площадь: 70 кв.м.Плюсы: Отличное расположение, рядом есть метро, магазины, школа и детский сад, тихий и спокойный район с адекватными соседями.Цена: 90  000 $Район: #Юнусабадский",,https://www.olx.uz/d/oz/obyavlenie/srochno-prodam-posrednikov-nebespokoit-yunusobod-15-3-2-5-ID3x70b.html
Jismoniy shaxs,Ikkilamchi bozor,56,56,2,2,Panelli,,Alohida,Ha,,,Yo’q,Tavsifквартира сотилади чироли килиб ремонт килинган,,https://www.olx.uz/d/oz/obyavlenie/uj-sotiladi-ixchamgina-ID44bzH.html
Jismoniy shaxs,Yangi qurilgan uylar,2,60,11,14,Gʻishtli,Alohida ajratilgan,,Yoʻq,,,Bor,TavsifYAKKASAROY TUMANI RAKAT MASJID OLDIDA 60 kv 14 etajlikdomni 11 etaji honalari bulingan topli pol shlankalri tawalgan suvoqlari pachti qilib qoyilgan qolgan malumot telfondaKadastr umumiy domniki chiqgan bu uyni sotibolsangiz nomingizga chiqadi kadastri+998977074055,,https://www.olx.uz/d/oz/obyavlenie/yakkasaroy-rakat-masjid-oldida-14-etajlik-domni-11-etaji-60-kv-ID466Y5.html
Biznes,Ikkilamchi bozor,2,78,4,9,Gʻishtli,,Aralash,Ha,"Internet, Muzlatkich, Televizor, Konditsioner, Kabelli TV, Kir yuvish mashinasi, Oshxona","Bolalar maydonchasi, Park, yashil zona, Koʻngilochar muassasalar, Restoran, kafelar, turargoh, Supermarket, doʻkonlar",Yo’q,TavsifПродается квартира на Хамид АлимжанеЯшнабадский район. 5 минут пешком до ц1+998909999060,,https://www.olx.uz/d/oz/obyavlenie/prodaetsya-kvartira-ID3RIap.html
Biznes,Ikkilamchi bozor,2,48,4,4,Panelli,Aralash,Alohida,Ha,"Internet, Telefon, Muzlatkich, Televizor, Konditsioner, Kabelli TV, Kir yuvish mashinasi, Oshxona, Balkon","Kasalxona, poliklinika, Bolalar maydonchasi, Bolalar bogʻchasi, Bekatlar, Park, yashil zona, Koʻngilochar muassasalar, Restoran, kafelar, turargoh, Supermarket, doʻkonlar, Maktab",Yo’q,"TavsifЧиланзар 18 Квартал2\4\4Хороший Средний ремонтПлощадь 48м²Балкон 1,5×3Ориентир 50×50 МойкаЦена 50.500$Звоните по номеру +998992843233.Или напишите в телеграм!Телеграм каналда яна бошқа вариантлар бор.",,https://www.olx.uz/d/oz/obyavlenie/chilonzor-18-kvartal-2-xona-kvartira-sotiladi-or5050-mojka-ID45Qj7.html
Biznes,Yangi qurilgan uylar,3,105,10,11,Gʻishtli,Alohida ajratilgan,Aralash,Ha,"Internet, Telefon, Muzlatkich, Televizor, Konditsioner, Kabelli TV, Kir yuvish mashinasi, Oshxona, Balkon","Kasalxona, poliklinika, Maktab, Bolalar maydonchasi, Bolalar bogʻchasi, Bekatlar, Park, yashil zona, Koʻngilochar muassasalar, Restoran, kafelar, turargoh, Supermarket, doʻkonlar",Yo’q,"TavsifПродается 3-комнатная квартира в ЖК MuhtashamЮнусабадский район, массив Ц-5Ориентир: Финансовый институтНовостройкаЭтаж: 10 из 11Площадь: 106 м²Состояние: новый качественный ремонтСистема ""Умный дом"", управление голосом (Алиса)Полностью укомплектована мебелью и техникойЦена: 234 999 у.е. (торг уместен)Телефон: +998 77 003 29 22Muhtasham turar joy majmuasida 3 xonali kvartira sotiladiYunusobod tumani, Ts-5 massiviMo‘ljal: Moliya institutiYangi qurilgan uyQavat: 10 / 11Maydoni: 106 m²Holati: sifatli yangi ta’mirAqlli uy tizimi, ovozli boshqaruv (Alisa)To‘liq mebel va texnika bilan ta’minlanganNarxi: 234 999 AQSh dollari (kelishiladi)Telefon: +998 77 003 29 22",,https://www.olx.uz/d/oz/obyavlenie/srochno-3kom-muhtasham-105m2-finansovyj-institut-minor-arzon-ID420Aw.html
Jismoniy shaxs,Ikkilamchi bozor,3,70,3,4,Gʻishtli,Alohida ajratilgan,Alohida,Ha,"Oshxona, Balkon","Kasalxona, poliklinika, Maktab, Bolalar maydonchasi, Bolalar bogʻchasi, Bekatlar, Park, yashil zona, Koʻngilochar muassasalar, Restoran, kafelar, turargoh, Supermarket, doʻkonlar",Yo’q,Tavsif3 хона3 этаж4 этажли домКирпичныйМосковский проектТуалет ванна алохидаКатта балкон 6×2Катта кухня ва прихожкаЕвро янги ремонт хеч ким ящамаганУзим учун ремонт киганман яхщи нарсалар ишлатилганСрочно сотилгани учун 36.000$ киб бераман,,https://www.olx.uz/d/oz/obyavlenie/3-xonali-kvartira-sotiladi-ID46fQt.html
Biznes,Ikkilamchi bozor,3,70,3,9,,,,Ha,,"Kasalxona, poliklinika, Maktab, Bolalar maydonchasi, Bolalar bogʻchasi, Bekatlar, Park, yashil zona, Koʻngilochar muassasalar, Restoran, kafelar, turargoh, Supermarket, doʻkonlar",Yo’q,"TavsifПродаётся 3-х комнатная квартираОриентир: Ц-7, ЦУМ, Vohha, Посольство КореиКомнат: 3Этаж: 3Этажность: 9Общая площадь: 70 м2Состояние: Евро ремонтМебель+ТехникаЦена: 159.000 y.e.+998909946644 Улугбекt.me/akhulugbek",,https://www.olx.uz/d/oz/obyavlenie/c-7-prodaetsya-3-komnatnaya-kvartira-remont-cum-pos-vo-korei-ID41EuE.html
Biznes,Ikkilamchi bozor,3,85,5,9,,,,Ha,"Oshxona, Televizor, Balkon, Konditsioner, Internet, Kabelli TV, Telefon, Kir yuvish mashinasi, Muzlatkich","Restoran, kafelar, Bolalar bogʻchasi, turargoh, Bekatlar, Kasalxona, poliklinika, Supermarket, doʻkonlar, Park, yashil zona, Maktab, Koʻngilochar muassasalar, Bolalar maydonchasi",Yo’q,"Tavsif#Госпитальный , Капитал Банк#3комнатная3/5/9 панелСпец ПланКомнаты раздельныйСанузел раздельныйМебель+техникаСредним ремонтомБалкон 2*6Не торецОбщ пл 85м*2Цена 111000 Срочно!Звоните +998938361122",,https://www.olx.uz/d/oz/obyavlenie/gospitalnyj-3-5-9-spec-plan-mebel-texnika-srochno-balkon-2-6-85kvm-ID42Rgl.html
Biznes,Ikkilamchi bozor,3,108,7,7,,,,Yoʻq,,"Kasalxona, poliklinika, Maktab, Bolalar maydonchasi, Bolalar bogʻchasi, Bekatlar, Park, yashil zona, Koʻngilochar muassasalar, Restoran, kafelar, turargoh, Supermarket, doʻkonlar",Yo’q,"TavsifSotuvda 3 xonalik kvartiraSpec-PlanMo’ljal: Golubie Kupola restorani, Kosmonavtlar metrosi, Yakkasaroy tumaniXona soni: 3Qavat: 7Uy qavatligi: 7Kvadrat: 108 м2Holati: remontsizGarderob xonasi bor3 balkonBo'lingan sanuzelNarxi: 135.000 y.e.+998909946644 Ulugbek",,https://www.olx.uz/d/oz/obyavlenie/sotuvda-3-xonalik-kvartira-kosmonavtlar-metrosi-yakkasaroy-ID45rfk.html
Biznes,Yangi qurilgan uylar,4,90,3,4,Gʻishtli,Alohida ajratilgan,Alohida,Ha,"Muzlatkich, Internet, Televizor, Telefon","Restoran, kafelar, Bolalar bogʻchasi, Bekatlar, Park, yashil zona, Kasalxona, poliklinika, Koʻngilochar muassasalar, Maktab, Bolalar maydonchasi",Yo’q,TavsifСадык АзимоваОриентир головной офис UzHavoYollariEfendi кафеКомнат : 4Этаж : 3Этажность : 4Площадь: кирпич 90м2Состояние: с ремонтомДва(2) сануздаПолностью укомплектованаРазвитая инфраструктураХороший дом и соседиЦена: 155 000у.е+998900070022,,https://www.olx.uz/d/oz/obyavlenie/prodaetsya-kvartira-sadyk-azimova-4-3-4-90m2-s-remontom-ID46fQj.html
Biznes,Ikkilamchi bozor,3,60,7,12,Monolitli,Aralash-alohida,Alohida,Yoʻq,"Internet, Telefon, Muzlatkich, Televizor, Konditsioner, Kabelli TV, Kir yuvish mashinasi, Oshxona, Balkon","Kasalxona, poliklinika, Bolalar maydonchasi, Bolalar bogʻchasi, Bekatlar, Park, yashil zona, Koʻngilochar muassasalar, turargoh, Supermarket, doʻkonlar, Maktab",Yo’q,TavsifСрочно продаю свою 2х переделанную в 3х комнатную квартиру.Не торец.Яккасарайском  районе.По улица Бабура 3/7/12!Орентир Аэропорт мост.Ценна 71000$ .Звонить по номеру+998903263883,,https://www.olx.uz/d/oz/obyavlenie/prodayu-svoyu-kvartiru-ID46fQi.html
Biznes,Ikkilamchi bozor,1,27,4,4,Gʻishtli,Aralash-alohida,Aralash,Ha,"Internet, Muzlatkich, Kabelli TV, Kir yuvish mashinasi, Balkon","Kasalxona, poliklinika, Maktab, Bolalar maydonchasi, Bolalar bogʻchasi, Bekatlar, Park, yashil zona, Koʻngilochar muassasalar, Restoran, kafelar, turargoh, Supermarket, doʻkonlar",Yo’q,TavsifПродается квартира в кирпичном доме с навесным балкономСостояние квартиры среднееМожно сдать в аренду за 250уе+998 947751080 Станислав,,https://www.olx.uz/d/oz/obyavlenie/ttz-1-srochno-ipoteka-1-4-4-33500ue-ID45QiZ.html
Biznes,Yangi qurilgan uylar,3,78,3,10,,,,Ha,,"Kasalxona, poliklinika, Maktab, Bolalar maydonchasi, Bolalar bogʻchasi, Bekatlar, Park, yashil zona, Koʻngilochar muassasalar, Restoran, kafelar, turargoh, Supermarket, doʻkonlar",Yo’q,"TavsifПродаётся 3-х комнатная квартира в ЖК SolarisОриентир: массив Кушбеги, Яккасарайский районКомнат: 3Этаж: 3Этажность: 10Общая площадь: 78 м2Состояние: Дизайнерский ремонтТурецкая Мебель+ТехникаЕсть балконЦена: 115.000 y.e+998909946644 Улугбекt.me/akhulugbek",,https://www.olx.uz/d/oz/obyavlenie/solaris-prodaetsya-3-komnatnaya-kvartira-remont-kushbegi-ID44xt3.html
Jismoniy shaxs,Ikkilamchi bozor,3,68,4,4,,Aralash-alohida,Alohida,Ha,"Internet, Muzlatkich, Televizor, Kabelli TV, Kir yuvish mashinasi, Oshxona, Balkon","Kasalxona, poliklinika, Maktab, Bolalar maydonchasi, Bolalar bogʻchasi, Bekatlar, Park, yashil zona, Koʻngilochar muassasalar, Restoran, kafelar, turargoh, Supermarket, doʻkonlar",Yo’q,Tavsifchilonzor 9da 3xonali uy jahon tillar ko'chasda joylashgan oldimzda 184maktab bor hamma taraflama qulay uy o'zimniki,,https://www.olx.uz/d/oz/obyavlenie/chilonzor-9da-3xonali-uy-ozimniki-ID41sgd.html
Biznes,Yangi qurilgan uylar,3,86,2,5,Gʻishtli,Alohida ajratilgan,Aralash,Ha,"Muzlatkich, Oshxona, Kabelli TV, Televizor, Telefon, Balkon","Restoran, kafelar, Bolalar bogʻchasi, turargoh, Bekatlar, Supermarket, doʻkonlar, Park, yashil zona, Kasalxona, poliklinika, Koʻngilochar muassasalar, Maktab, Bolalar maydonchasi",Yo’q,"TavsifПродаётся СВОЯ 3х ком. кв. 86 м/кв на 2-этаже в 5 этажной новостройке.Адрес: ул. Фирдавсий 28 «А»;Ориентир: Мароканд обод, Панжоб.Полноценная 3х ком. кв. с отличным ремонтом. Имеется открытый просторный БАЛКОН. В здании установлен современный лифт. В квартире установлена двухконтурная система обогрева воды(тёплый пол).Вся мебель, техника, ковры, шторы и др. включены в стоимость.Не большой торг уместен.Звоните и уточняйте+998939917445 Фаррух.",,https://www.olx.uz/d/oz/obyavlenie/prodayotsya-svoya-3x-kom-ul-firdavsij-2-etazh-novostrojka-ID45vTk.html
Jismoniy shaxs,Ikkilamchi bozor,2,68,4,4,Gʻishtli,Alohida ajratilgan,Alohida,Yoʻq,"Internet, Telefon, Muzlatkich, Balkon","Kasalxona, poliklinika, Maktab, Bolalar maydonchasi, Bolalar bogʻchasi, Bekatlar, Park, yashil zona, Koʻngilochar muassasalar, Restoran, kafelar, turargoh, Supermarket, doʻkonlar",Yo’q,"TavsifИщете уникальное жилье? Представляем светлую и функциональную 2-комнатную квартиру (68 м²) с высокими потолками. Она находится в качественно построенном кирпичном доме (работы болгарских строителей!) с двойной крышей, что позволяет квартире ""дышать"" и обеспечивает дополнительный комфорт.Почему эта квартира — ваша идеальная находка:Функционал 4-комнатной квартиры: Благодаря продуманной планировке (кухня перенесена в сушилку), вы получаете гораздо больше пространства, чем обычно!Ваш личный оазис: Наслаждайтесь простором шестиметрового балкона — идеального места для утреннего кофе или вечернего отдыха.Комфорт круглый год и экономия: Дом из кирпича, двойная крыша и пластиковые окна обеспечивают тишину, тепло зимой и прохладу летом. Квартира отлично продувается, что позволяет экономить на кондиционере! Соседей не слышно.Просторные комнаты: Все помещения — от прихожей до спальни и зала — действительно большие. Есть встроенный шкаф и антресоль.Чистый воздух и живописный вид: Вокруг дома растут высокие, красивые деревья, создавая ощущение уюта и обеспечивая чистый воздух. Из окон открывается прекрасный вид!Готовая инфраструктура: Интернет подключен, линия для телефона есть.Идеальное расположение: Рядом всё необходимое: школы, детсады, сквер, детские площадки, кафе, магазины и аптеки 24/7, базар, красивая мечеть. Тихий двор, доброжелательные соседи, парковка и остановка прямо у дома.Ориентир: ""Мелодия"", ""Конечка"".Не упустите эту уникальную возможность! Звоните прямо сейчас, чтобы договориться о просмотре!",,https://www.olx.uz/d/oz/obyavlenie/prodaetsya-2x-komnayatanya-kvartira-s-funkcionalom-4x-komnatnoj-ID46d7Z.html
Biznes,Ikkilamchi bozor,3,60,4,4,,,,Ha,,,Yo’q,TavsifДархан Тамара Хоним 4Ориентир кафе Дархан2в3 комнатная / 4 этаж / 4 этажного домаПлощадь 60м277-серияЦена 123’000 у.е+998978770077 Алексей,,https://www.olx.uz/d/oz/obyavlenie/darxan-2v3-4-4-ulica-tamara-xonim-77-seriya-kirpich-ID45rf6.html
Biznes,Yangi qurilgan uylar,1,34,5,9,Gʻishtli,Studiya,Aralash,Yoʻq,"Internet, Telefon, Kabelli TV, Balkon","Kasalxona, poliklinika, Maktab, Bolalar maydonchasi, Bolalar bogʻchasi, Bekatlar, Park, yashil zona, Koʻngilochar muassasalar, Restoran, kafelar, turargoh, Supermarket, doʻkonlar",Yo’q,"TavsifПродается 1-комнатная квартира-студия в ЖК Tiara Residence, Мирзо-Улугбекский районИдеальный вариант для инвестиций или комфортной городской жизни.Представляем вашему вниманию компактную и функциональную 1-комнатную квартиру-студию в современном жилом комплексе Tiara Residence от одноименного застройщика. Расположенный в престижном Мирзо-Улугбекском районе, этот комплекс предлагает удобство и доступность ключевых объектов инфраструктуры.Квартира находится на 5-м этаже 9-этажного кирпичного дома, что обеспечивает надежность конструкции и хорошую звукоизоляцию. Общая площадь составляет 34 квадратных метра, что является идеальным решением для молодых специалистов, студентов или в качестве выгодной инвестиции под аренду. Квартира сдается в состоянии ""коробка"" (shell & core), давая вам полную свободу в создании интерьера, соответствующего вашим предпочтениям и стилю.Оптимальная планировка и удобства.Эта квартира имеет планировку студии, что создает открытое и светлое пространство. Совмещенный санузел обеспечивает максимальную компактность и функциональность. Наличие кадастрового документа гарантирует юридическую чистоту и безопасность сделки.Выгодное расположение и развитая инфраструктура.Жилой комплекс Tiara Residence находится в районе с развитой инфраструктурой и отличной транспортной доступностью. В непосредственной близости расположены:ИНХА Институт (INHA University in Tashkent)Военный госпитальТакое расположение обеспечивает легкий доступ к образовательным учреждениям, медицинским учреждениям и другим важным городским объектам.Цена: 65 010 долларов СШАНе упустите возможность приобрести функциональную квартиру-студию в одном из востребованных районов Ташкента!Для получения дополнительной информации и организации просмотра, пожалуйста, свяжитесь с Равшаном по номеру: +99877 2533300.Mirzo-Ulug'bek tumani, Tiara Residence turar-joy majmuasida 1 xonali studiya kvartira sotiladiInvestitsiya yoki qulay shahar hayoti uchun ideal variant.E'tiboringizga zamonaviy Tiara Residence turar-joy majmuasidagi ixcham va funksional 1 xonali studiya kvartirani taqdim etamiz. Nufuzli Mirzo-Ulug'bek tumanida joylashgan ushbu majmua qulaylik va asosiy infratuzilma ob'ektlariga qulaylikni taklif etadi.Kvartira 9 qavatli g'ishtli uyning 5-qavatida joylashgan bo'lib, bu mustahkamlik va yaxshi shovqin izolyatsiyasini ta'minlaydi. Umumiy maydoni 34 kvadrat metrni tashkil etadi, bu yosh mutaxassislar, talabalar uchun yoki ijara uchun foydali investitsiya sifatida ideal yechimdir. Kvartira ""korobka"" (qora suvoq) holatida topshiriladi, bu sizga o'z xohishingiz va uslubingizga mos keladigan interyerni yaratishda to'liq erkinlik beradi.Optimal reja va qulayliklar.Bu kvartira studiya rejasiga ega bo'lib, ochiq va yorug' makonni yaratadi. Birlashtirilgan sanuzel maksimal ixchamlik va funksionallikni ta'minlaydi. Kadastr hujjatining mavjudligi bitimning yuridik tozaligi va xavfsizligini kafolatlaydi.Qulay joylashuv va rivojlangan infratuzilma.Tiara Residence turar-joy majmuasi rivojlangan infratuzilma va ajoyib transport qulayligiga ega hududda joylashgan. Yaqin atrofda quyidagilar joylashgan:INHA Instituti (Toshkentdagi INHA universiteti)Harbiy gospitalBunday joylashuv ta'lim muassasalari, tibbiyot muassasalari va boshqa muhim shahar ob'ektlariga oson kirishni ta'minlaydi.Narxi: 65 010 AQSh dollariToshkentning eng talabgir tumanlaridan birida funksional studiya kvartira sotib olish imkoniyatini qo'ldan boy bermang!Qo'shimcha ma'lumot olish va ko'rishni tashkil qilish uchun, iltimos, Ravshan bilan quyidagi raqam orqali bog'laning: +99877 2533300.",,https://www.olx.uz/d/oz/obyavlenie/mirzoulugbektiara-klubnyj-dom-1kom-kvartira-34m2-studiya-inxa-univer-ID46fND.html
Biznes,Yangi qurilgan uylar,3,83,3,10,Gʻishtli,Alohida ajratilgan,Alohida,Yoʻq,,,Bor,"Tavsif#Эшонгузар Сити 3 хонали  Квартира Срочно СОТИЛАДИ+998901388000Qaxramon_B+998911648487Xojiakbar8487МАНЗИЛ: Зангиота тумани Эшонгузар СитиМАЙДОНИ: 83 квМулжал: Эшонгузар СитиЭтажност Дома: 10Этаж: 3ХОНАЛАР СОНИ: 3 хона евро ремонт Авторский проект1 та санузел 1 ванная  1 та ошхонаДом атрофида,Масжид,Мактаб, боґча, Детская Площадка Бозор Магазин Овкатланиш жойлари борНархи  75.000 $",,https://www.olx.uz/d/oz/obyavlenie/eshonguzar-siti-3-xona-evro-remont-ID45QiS.html
Biznes,Ikkilamchi bozor,2,48,2,5,Gʻishtli,,Aralash,Ha,"Telefon, Kir yuvish mashinasi, Internet, Kabelli TV, Televizor, Balkon, Muzlatkich, Oshxona","Bolalar maydonchasi, Maktab, Koʻngilochar muassasalar, Kasalxona, poliklinika, Supermarket, doʻkonlar, Park, yashil zona, Bekatlar, turargoh, Bolalar bogʻchasi, Restoran, kafelar",Yo’q,"TavsifЧилонзор 25 Квартал2\2\5ЕвроремонтПлошад 48м2Балкон 1,5×3Цена 57.500$",,https://www.olx.uz/d/oz/obyavlenie/chilanzar-25-kvartal-2-2-5-prodayotsya-evroremont-kvartira-ID452g3.html
Biznes,Ikkilamchi bozor,2,60,3,4,Gʻishtli,Alohida ajratilgan,Alohida,Ha,"Telefon, Kabelli TV, Internet, Konditsioner, Balkon, Televizor, Oshxona, Muzlatkich, Kir yuvish mashinasi","Bolalar maydonchasi, Maktab, Koʻngilochar muassasalar, Kasalxona, poliklinika, Supermarket, doʻkonlar, Park, yashil zona, Bekatlar, turargoh, Bolalar bogʻchasi, Restoran, kafelar",Yo’q,"TavsifПродаётся 2х комнатная квартира на Яшнабадский район ул Авиосозлар 1. Общая площадь 60кв.м2. 77серия кирпич.2х комнатная квартира 3-этаже 4х этажного дома Авиосозлар 1. Продаётся квартира с мебелью и техникой, с балконом 2х6 комнату разделение Санузел разделение  расположена в хорошим месте рядом есть школа 61, детский сад,магазин  карзинка, метро 3-бекат.  Подробнее по вопросу звоните...+998935733009",,https://www.olx.uz/d/oz/obyavlenie/prodayotsya-2x-kom-aviosozlar-1-77seriya-kirpich-ID45reQ.html
Biznes,Yangi qurilgan uylar,3,75,6,10,Gʻishtli,Alohida ajratilgan,Alohida,Yoʻq,"Internet, Telefon, Kabelli TV, Oshxona, Balkon","Kasalxona, poliklinika, Maktab, Bolalar maydonchasi, Bolalar bogʻchasi, Bekatlar, Park, yashil zona, Koʻngilochar muassasalar, Restoran, kafelar, turargoh, Supermarket, doʻkonlar",Yo’q,"TavsifToshkent viloyati ,Nurafshon shaxridagi""Nurafshon Palace""dan tayyor xonadonlar!",,https://www.olx.uz/d/oz/obyavlenie/subsidya-va-ipatekaga-tayyor-xonadonlar-ID452fW.html
Jismoniy shaxs,Yangi qurilgan uylar,2,64,14,16,Panelli,Alohida ajratilgan,Alohida,Yoʻq,,"Kasalxona, poliklinika, Maktab, Bolalar maydonchasi, Bolalar bogʻchasi, Bekatlar, Park, yashil zona, Koʻngilochar muassasalar, Restoran, kafelar, turargoh, Supermarket, doʻkonlar",Bor,TavsifНовостройка КоробкаОриентир Куйлюк МассивРядом школы №31 и 263Все подробно по телефону!TELEGRAM: Fatkhullayef,,https://www.olx.uz/d/oz/obyavlenie/srochno-prodayu-svoyu-kvartiru-xon-saroy-salom-qoyliq-ID3XhIV.html
Biznes,Yangi qurilgan uylar,2,42,1,8,Gʻishtli,Alohida ajratilgan,Aralash,Yoʻq,"Internet, Kabelli TV, Oshxona","Kasalxona, poliklinika, Bolalar maydonchasi, Bolalar bogʻchasi, Bekatlar, Park, yashil zona, Koʻngilochar muassasalar, Restoran, kafelar, turargoh, Supermarket, doʻkonlar, Maktab",Yo’q,Tavsif#Яшнабот тумани иззат кочасида2/1/8. 42м2 Гиштли дом полни топлипол йоткизилганХужати жойда атрофда хамма кулайлиглари бор навастройкаТел 939261219,,https://www.olx.uz/d/oz/obyavlenie/yashnabot-zhk-aziya-xaus-navastrojka-ID45Qiz.html
Jismoniy shaxs,Ikkilamchi bozor,2,52,1,7,Gʻishtli,Alohida ajratilgan,Alohida,Ha,"Internet, Telefon, Kabelli TV, Oshxona",,Yo’q,"TavsifShoshmasdan to'liq, oxirigacha o'qib keyin tel qiling!Sokin va tinch joyda joylashgan, Yangihayot tumani 9 qurilish hududidagi 2/1/7 honadonimni sotaman.Uy o'zimniki makler emasman. Birinchi qo’l uy egasiman. Oynasi ikki tarafga qaragan (skvaznoy). Oynalaga reshetka quyilgan. Podvol qismini, boshqa qo’shnilaga o’xshab qo’shib olib, biznes sifatida foydalansela ham bo’ladi. Uy maktab oldida joylashgan, be’malol pochemuchka ochsayam bo’ladi. Tualetni orqasida yana yarim metrcha joy bor, ushaniyam ochib tualetni yanayam kotta qivosa bo’ladi.Uyni holati yaxshi holatda, tinch va pokiza. Uyda uy telefoni va WIFI bor. Shu rasmdigi hamma jihoz, Notebook bilan sotaman. Hullas, har taraflama qulay variant.Taqalgan narxi shu!",,https://www.olx.uz/d/oz/obyavlenie/yangihayot-9-qurilish-hudud-2-1-7-sotiladi-jihozlar-ID44ggv.html
Biznes,Yangi qurilgan uylar,2,60,12,12,Monolitli,Alohida ajratilgan,2 va undan koʻp sanuzel,Yoʻq,,"Kasalxona, poliklinika, Bolalar maydonchasi, Bolalar bogʻchasi, Bekatlar, Park, yashil zona, Koʻngilochar muassasalar, Restoran, kafelar, turargoh, Supermarket, doʻkonlar, Maktab",Yo’q,"TavsifСрочно продается 2-комнатная квартира в комплексе Koh-Ota (Шайхантахурский район)Ориентир: мечеть Кох Ота, Себзар, Минор, Аллайский рынок (по прямой 5 минут)Застройщик: Bazis-TКадастр: ЕстьЭтаж: 12 из 12Площадь: 60 м²Комнат: 2Состояние: КоробкаЦена: 74 000 долларов США (Срочно)Контактный номер: +998 77 003 29 22Shayxontohur tumanida Koh-Ota turar joy majmuasida 2 xonali kvartira sotiladi (shoshilinch)Mo‘ljal: Koh-Ota masjidi, Sebzar, Minor, Allay bozori (to‘g‘ridan-to‘g‘ri 5 daqiqa yurish)Quruvchi: Bazis-TKadastr: MavjudQavati: 7/9Maydoni: 44.36 m²Xonalar soni: 1Holati: Quti (korobka)Narxi: 74 000 AQSh dollari  (Shoshilinch)Bog‘lanish uchun: +998 77 003 29 22",,https://www.olx.uz/d/oz/obyavlenie/gorit-srochno-koh-ota-2-kom-60m2-po-1230u-e-mechet-sebzar-arzon-ID422ur.html
Biznes,Yangi qurilgan uylar,2,54,2,2,Gʻishtli,Alohida ajratilgan,Alohida,Yoʻq,"Kabelli TV, Oshxona","Kasalxona, poliklinika, Bolalar maydonchasi, Bolalar bogʻchasi, Bekatlar, Park, yashil zona, Koʻngilochar muassasalar, Restoran, kafelar",Yo’q,TavsifХива шахар газчи махалла йонида квартира сотилади 2 комнатниНомер - 905571509Номер 2 -937540510,,https://www.olx.uz/d/oz/obyavlenie/xiva-shaxar-gazchi-maxalla-kvartira-sotiladi-ID2J21k.html
Biznes,Yangi qurilgan uylar,1,28,3,14,Blokli,,,Ha,,,Yo’q,"TavsifНовостройка с кадастром  Besh Chinor, ремонт, мебель, техника. Отличный вариант как для жилья, так и для сдачи в аренду!!! Арендатор платит 500 долларов. Собственник 91 0146800",,https://www.olx.uz/d/oz/obyavlenie/1-3-14-maxtumkuli-ul-novostrojka-ID3KdDL.html
Jismoniy shaxs,Ikkilamchi bozor,3,92,9,16,Monolitli,Alohida ajratilgan,Alohida,Ha,"Internet, Konditsioner, Kabelli TV, Oshxona, Balkon","Kasalxona, poliklinika, Maktab, Bolalar maydonchasi, Bolalar bogʻchasi, Bekatlar, Koʻngilochar muassasalar, Restoran, kafelar, Supermarket, doʻkonlar",Yo’q,"TavsifЯнги дархон-2, Янгиҳаёт тумани, 26 уйда3 хонали, 92 квХоналари катта, сквознойБоғланиш учун: +998999551245""Янги дархон-2, р-н Янгиҳаёт, дом 263-х комнатная, 92 кв.м. СквознаяКонтакт: +998999551245",,https://www.olx.uz/d/oz/obyavlenie/prodayotsya-kvartira-3-9-16-ID4372S.html
Jismoniy shaxs,Ikkilamchi bozor,2,75,3,9,Gʻishtli,,,Ha,"Internet, Telefon, Muzlatkich, Televizor, Konditsioner, Kabelli TV, Kir yuvish mashinasi, Oshxona, Balkon","Kasalxona, poliklinika, Maktab, Bolalar maydonchasi, Bolalar bogʻchasi, Bekatlar, Park, yashil zona, Koʻngilochar muassasalar, Restoran, kafelar, turargoh, Supermarket, doʻkonlar",Yo’q,"TavsifПредлагаю вашему вниманию уютную двухкомнатную квартиру в самом центре города, рядом с ЦУМом.Преимущества квартиры:Удобное расположение: Центр города, все необходимое в шаговой доступности.Просторная планировка: Общая площадь 75 кв.м., раздельные комнаты и санузел.Этаж: 3/9.Балкон: Есть балкон для отдыха и хранения.Парковка: Во дворе дома всегда есть парковочные места.Инфраструктура: Развитая - парк, голубые купола, школа 110, детские сады, магазины, аптеки – все рядом.Транспортная доступность: Отличное транспортное сообщение в любую точку города.О квартире:Квартира с косметическим ремонтом, что позволит вам сразу заселиться или сделать ремонт по своему вкусу.Идеально подойдет:Для семьи с детьми.Для сдачи в аренду.Причина продажи: Срочная продажа.Почему этот вариант стоит рассмотреть:Эта квартира – отличная возможность приобрести жилье в престижном районе по привлекательной цене. Не упустите свой шанс!",,https://www.olx.uz/d/oz/obyavlenie/prodayu-kvartiru-na-cum-kosmonavty-ojbek-ID46fPD.html
Biznes,Yangi qurilgan uylar,2,60,6,10,Gʻishtli,Alohida ajratilgan,Aralash,Ha,"Internet, Telefon, Muzlatkich, Televizor, Konditsioner, Kabelli TV, Kir yuvish mashinasi, Oshxona, Balkon","Kasalxona, poliklinika, Bolalar maydonchasi, Bolalar bogʻchasi, Bekatlar, Park, yashil zona, Koʻngilochar muassasalar, Restoran, kafelar, turargoh, Supermarket, doʻkonlar, Maktab",Yo’q,"TavsifПродается 2-комнатная квартира. Dream House, ЯккасарайКадастр: ЕстьКомнат: 2Площадь: 60 м²Этаж: 6 из 10Ремонт: ЕвроПланировка: РаздельнаяСанузел: СовмещённыйТип строения: КирпичОриентир: ул. Глинка, 8 роддомЦена: 89 999 $Дополнительно: с мебелью и техникойТелефон: +998 77 003 29 222 xonali kvartira sotiladi. Dream House, YakkasaroyKadastr: MavjudXonalar: 2 taMaydon: 60 m²Qavat: 6/10Ta’mir: Yevrota’mirReja: Alohida xonalarSanuzel: BirlashtirilganBino turi: G‘ishtliMo‘ljal: Glinka ko‘chasi, 8-tug‘ruqxonaNarxi: 89 999 $Qo‘shimcha: mebel va texnika bilanTelefon: +998 77 003 29 22",,https://www.olx.uz/d/oz/obyavlenie/yakkasaraj-dream-house-2kom-60m2-glinka-8-roddom-arzon-haqiqiy-ID424bY.html
Biznes,Ikkilamchi bozor,2,60,6,9,Panelli,Alohida ajratilgan,Alohida,Yoʻq,,"Koʻngilochar muassasalar, Bekatlar, Maktab, Supermarket, doʻkonlar, Restoran, kafelar, Bolalar maydonchasi, Park, yashil zona, Bolalar bogʻchasi, Kasalxona, poliklinika, turargoh",Yo’q,"TavsifПродаётся 2 комнатная квартира!!!Шайхантахурский район.Ориентир: на против Ташкент сити , Бинкоф, Кара таш, ДружбаКомнат: 2Площадь: 60Этаж: 6Этажность: 9Состояние: без ремонтаСрочно 95.00099.925.17-71 Абдурашидt.me/Abdurashid_estate",,https://www.olx.uz/d/oz/obyavlenie/kvartira-ryadom-tashkent-city-2-6-9-srochno-ID43K6m.html
Biznes,Yangi qurilgan uylar,3,100,5,25,,Alohida ajratilgan,2 va undan koʻp sanuzel,Ha,"Telefon, Balkon, Konditsioner, Kir yuvish mashinasi, Internet, Oshxona, Kabelli TV, Televizor","Koʻngilochar muassasalar, Bekatlar, Maktab, Supermarket, doʻkonlar, Restoran, kafelar, Bolalar maydonchasi, Park, yashil zona, Bolalar bogʻchasi, Kasalxona, poliklinika, turargoh",Yo’q,TavsifНОВОСТРОЙКА 3/5/25ЖК AKAY CITYОбщая площадь: 94м2 + Балкон 6 м2Состояние: Ремонт качественныйМебель и ТехникаСанузел 2 шткондиционер 3 штТВ 3 шт210.000 у.е,,https://www.olx.uz/d/oz/obyavlenie/akay-city-3-5-25-s-xoroshim-remontom-i-mebel-texnika-ID43K9n.html
Jismoniy shaxs,Ikkilamchi bozor,2,53,4,5,Gʻishtli,Alohida ajratilgan,Alohida,Ha,"Internet, Muzlatkich, Oshxona, Balkon",,Yo’q,TavsifMaktab boxsha yaqin joyda katta yoʻlga yaqin joyda,,https://www.olx.uz/d/oz/obyavlenie/yashnobod-tumani-arentir-parvoz-toyxasi-yonda-ID45RpZ.html
Biznes,Ikkilamchi bozor,4,100,2,9,Panelli,Alohida ajratilgan,,Yoʻq,,,Yo’q,"TavsifПродаётся квартира.Мирзо Улугбекский район.ДарханОриентир: ЖК Янги Дархан,Стадион Старт.Второй дом от дороги.4/2/9Общая площадь: 100м2Состояние: Без ремонтаБалкон 2х6Развитая инфраструктура.Всё в шаговой доступности.Цена: 110 000 у.е+998909553948+998332092929",,https://www.olx.uz/d/oz/obyavlenie/prodayotsya-kvartira-srochno-4-2-9-darxan-uluchshennaya-planirovka-ID45rej.html
Biznes,Yangi qurilgan uylar,2,57,8,10,Gʻishtli,Alohida ajratilgan,Alohida,Ha,"Kir yuvish mashinasi, Muzlatkich, Oshxona, Televizor, Konditsioner, Internet, Kabelli TV, Telefon","Bolalar bogʻchasi, Bekatlar, Park, yashil zona, Kasalxona, poliklinika, Koʻngilochar muassasalar, Maktab, Bolalar maydonchasi",Yo’q,"TavsifСрочно продаётсяКвартира в новостройкеЖк ""Казахстан""Юнус-абадский районЦ-6 метро МинорКомнат: 2Этаж: 8Этажность: 10Площадь: 56,71 кв.мСостояние: евро ремонтЦена: 155 000 у.е срочно+998900070022",,https://www.olx.uz/d/oz/obyavlenie/prodazha-evro-novostrojka-zhk-kazaxstan-2-8-10-56m2-evro-remont-ID46fPt.html
Biznes,Yangi qurilgan uylar,3,75,8,14,Monolitli,,Aralash,Ha,"Kir yuvish mashinasi, Muzlatkich, Oshxona, Televizor, Balkon, Konditsioner, Internet, Kabelli TV, Telefon","Restoran, kafelar, Bolalar bogʻchasi, turargoh, Bekatlar, Supermarket, doʻkonlar, Park, yashil zona, Kasalxona, poliklinika, Koʻngilochar muassasalar, Maktab, Bolalar maydonchasi",Yo’q,"TavsifСРОЧНО! НОВОСТРОЙКА 3/8/14 в ЖК ""SKAYLINE”ул. Нукусскаяколичество комнат: 3этаж: 8этажность: 14площадь: 75 м2новый ремонтВид на Mirabad Avenue и Ташкент СитиЦена: 215.000$ мини торг",,https://www.olx.uz/d/oz/obyavlenie/srochno-novostrojka-3-8-14-v-zhk-skayline-ul-nukusskaya-mirabadskij-r-ID46fPn.html
Biznes,Ikkilamchi bozor,2,62,4,9,,,,Ha,"Internet, Telefon, Oshxona, Balkon","Kasalxona, poliklinika, Maktab, Bolalar maydonchasi, Bolalar bogʻchasi, Bekatlar, Restoran, kafelar, Supermarket, doʻkonlar",Bor,TavsifИбн Сино 2   2/4/9  хороший ремонт   Ибн Сино 2   2/4/9  хороший ремонт,,https://www.olx.uz/d/oz/obyavlenie/ibn-sino-2-2-4-9-xoroshij-remont-ID46fPf.html
Biznes,Yangi qurilgan uylar,3,100,6,7,Gʻishtli,Alohida ajratilgan,Aralash,Ha,"Internet, Telefon, Muzlatkich, Televizor, Konditsioner, Kabelli TV, Kir yuvish mashinasi, Oshxona, Balkon","Kasalxona, poliklinika, Maktab, Bolalar maydonchasi, Bolalar bogʻchasi, Bekatlar, Park, yashil zona, Koʻngilochar muassasalar, Restoran, kafelar, turargoh, Supermarket, doʻkonlar",Yo’q,"TavsifСрочно продаётся 3-комнатная квартира в ЖК Boulevard, Tashkent CityРайон: ШайхантахурОриентир: Tashkent City, ДружбаЭтаж: 6 из 7Площадь: 100 м²Комнат: 3Санузлов: 2Дополнительная информация: вид во дворСостояние: подключСтарая цена: 340 000 $Новая цена: 322 000 $Телефон: +998 77 003 29 22Boulevard Tashkent City turar joy majmuasida 3 xonali kvartira sotiladiTuman: ShayxontohurMo‘ljal: Tashkent City, Do‘stlik hududiQavat: 6/7Maydon: 100 m²Xonalar: 3 taSanuzel: 2 taQo‘shimcha: hovliga qaragan manzaraHolati: tayyor (podklyuch)Eski narx: 340 000 $Yangi narx: 322 000 $Telefon: +998 77 003 29 22",,https://www.olx.uz/d/oz/obyavlenie/srochno-tashkent-siti-zhk-boulevard-3kom-100m2-druzhba-arzon-ID40wPF.html
Biznes,Ikkilamchi bozor,2,60,2,4,Gʻishtli,Alohida ajratilgan,Alohida,Yoʻq,"Telefon, Oshxona, Balkon","Kasalxona, poliklinika, Maktab, Bolalar maydonchasi, Bolalar bogʻchasi, Bekatlar, Park, yashil zona, Koʻngilochar muassasalar, Restoran, kafelar, turargoh, Supermarket, doʻkonlar",Bor,TavsifПродаю   срочно чиланзар 8квартал кирпич  2комнатный 2этаж 77серия орентир Чиланзарский Загс раписке некаво нету  Балкон2/6  падробности по телефону пустой средний чистый без ремонт ключи у меня есть,,https://www.olx.uz/d/oz/obyavlenie/prodayu-kvartiru-chilnzr8-2komnat-2etazh-77seriya-razdelka-61kvadrat-ID3K11S.html
Biznes,Yangi qurilgan uylar,2,49,3,3,Gʻishtli,Alohida ajratilgan,Aralash,Yoʻq,"Internet, Telefon, Kabelli TV","Bolalar bogʻchasi, turargoh, Maktab, Supermarket, doʻkonlar",Yo’q,"TavsifКадастр хужжатлари тайёр !Хонадонлар сотувда 1 кв.м га 875$Янги-Уй 3 қаватли (Новостройка)1-хона 33 кв.м 29.000$2-хона 46 кв.м 41.000$2-хона 49 кв.м 43.000$3-хона 80 кв.м 70.000$Хонадонлар холати :- қора сувоқда- хоналари бўлинган- счетчиклар ўрнатилганШошилинг сони чекланган !Кредит йуқ ,Ипотека йуқ ,Субсидия йу́қМанзил: Тошкент шахарМиробод туманиФайзабод махаласиМу́ллжал: РИСОВЫЙ мостМалумот учун телефон :+998(97)788-6666+998(97)709-9997",,https://www.olx.uz/d/oz/obyavlenie/kadastr-xuzhzhatlari-tajyor-2-xona-49-kv-m-xonadon-yangi-uj-risovyj-most-ID45PEf.html
Jismoniy shaxs,Ikkilamchi bozor,3,57,2,4,Gʻishtli,Alohida ajratilgan,Aralash,Yoʻq,,"Maktab, Bolalar maydonchasi, Bolalar bogʻchasi, Bekatlar, Park, yashil zona, Restoran, kafelar, turargoh, Supermarket, doʻkonlar",Yo’q,TavsifНархи узгартирилди! Андижон шахрининг энг марказида жойлашган 4 этажли уйнинг 2 чи этажида жойлашган 3 хонали квартира сотилади. 1990 йили курилган свет газ муаммоси йук! Уй узимизники маклерсиз келишилади. Телефон 994100910 еки тг хохлаган пайит килса булади.,,https://www.olx.uz/d/oz/obyavlenie/3-xonali-kvartira-andizhon-shaxri-markazida-ID45Ybn.html
Biznes,Ikkilamchi bozor,3,92,11,12,Monolitli,Alohida ajratilgan,Alohida,Yoʻq,"Oshxona, Balkon","Kasalxona, poliklinika, Maktab, Bolalar maydonchasi, Bolalar bogʻchasi, Bekatlar, Park, yashil zona, Koʻngilochar muassasalar, Restoran, kafelar, turargoh, Supermarket, doʻkonlar",Yo’q,"TavsifПРОДАЖА | 3-комнатная квартира, ЯккасарайРайон: ЯккасарайОриентир: ул. Бобура, АэропортТип жилья: вторичкаКадастр: естьКомнат: 3Этаж: 11 из 12Площадь: 92 м²Ремонт: евро, новыйПланировка: раздельнаяСанузел: раздельныйТип строения: монолитЦена: 87 000 у.е.Телефон: +998 77 003 29 22SOTUVDA | 3 xonali kvartira, YakkasaroyTuman: YakkasaroyMo‘ljal: Bobur ko‘chasi, Aeroport yaqinidaUy turi: ikkilamchiKadastr: mavjudXonalar: 3Qavat: 11/12Maydon: 92 m²Ta’mir: yangi, YevroReja: alohidaSanuzel: alohidaBino turi: monolitNarxi: 87 000 y.eTelefon: +998 77 003 29 22",,https://www.olx.uz/d/oz/obyavlenie/srochno-yakkasaraj-vtorichka-3kom-evro-92m2-babura-aeroport-arzon-ID44xaD.html
Biznes,Yangi qurilgan uylar,5,150,10,10,Gʻishtli,Alohida ajratilgan,2 va undan koʻp sanuzel,Ha,"Internet, Telefon, Muzlatkich, Televizor, Konditsioner, Kabelli TV, Kir yuvish mashinasi, Oshxona, Balkon","Kasalxona, poliklinika, Maktab, Bolalar maydonchasi, Bolalar bogʻchasi, Bekatlar, Park, yashil zona, Koʻngilochar muassasalar, Restoran, kafelar, turargoh, Supermarket, doʻkonlar",Yo’q,"TavsifПРОДАЖА | 5-комнатная квартира, ЧиланзарЖК: Soy BoyidaРайон: ЧиланзарОриентир: Е квартал, метро Новза (200 м), школа №168Кадастр: естьКомнат: 5Этаж: 10 из 10Площадь: 150 м²Ремонт: евроПланировка: раздельнаяСанузел: 2Тип строения: кирпичДополнительно: террасаЦена: 249 000 у.е. → 224 999 у.е.Телефон: +998 77 003 27 22SOTUVDA | 5 xonali kvartira, ChilonzorYangi uy: Soy BoyidaTuman: ChilonzorMo‘ljal: E kvartal, Novza metro (200 m), 168-maktabKadastr: mavjudXonalar: 5Qavat: 10/10Maydon: 150 m²Ta’mir: YevroReja: alohidaSanuzel: 2 taBino turi: g‘ishtQo‘shimcha: terassaNarxi: 249 000 y.e → 224 999 y.eTelefon: +998 77 003 27 22",,https://www.olx.uz/d/oz/obyavlenie/srochno-soy-boyida-5kom-150m2-chilanzar-e-kvartal-168-shkola-arzon-ID44xbS.html
Biznes,Yangi qurilgan uylar,1,38,14,27,Monolitli,Studiya,Aralash,Yoʻq,"Internet, Telefon, Muzlatkich, Televizor, Konditsioner, Kabelli TV, Kir yuvish mashinasi, Oshxona, Balkon","Kasalxona, poliklinika, Maktab, Bolalar maydonchasi, Bolalar bogʻchasi, Bekatlar, Park, yashil zona, Koʻngilochar muassasalar, Restoran, kafelar, turargoh, Supermarket, doʻkonlar",Yo’q,"TavsifПродаётся 1-комнатная квартира в ЖК U-TowerРайон: ШайхантахурЗастройщик: NRGОриентир: Дружба народов, Tashkent CityХарактеристики:• Кадастр: есть• Этаж: 14 из 27• Площадь: 38 м²• Состояние: евро-ремонт• Тип строения: монолитЦена: 107 400 у.е.Телефон: +998770032922O‘zbek tilida:U-Tower turar joy majmuasida 1 xonali kvartira sotiladiTuman: ShayxontohurQuruvchi: NRGMo‘ljal: Do‘stlik, Tashkent CityXususiyatlari:• Kadastr: bor• Qavat: 14/27• Maydon: 38 m²• Holati: Yevro ta’mir• Qurilish turi: monolitNarxi: 107 400 y.e.Telefon: +998770032922",,https://www.olx.uz/d/oz/obyavlenie/srochno-u-tower-nrg-1kom-38m2-premium-druzhba-tashkent-sitj-ID45re5.html
Biznes,Ikkilamchi bozor,1,38,4,4,Panelli,,Alohida,Yoʻq,,"Kasalxona, poliklinika, Bolalar maydonchasi, Bolalar bogʻchasi, Bekatlar, Park, yashil zona, Koʻngilochar muassasalar, Restoran, kafelar, turargoh, Supermarket, doʻkonlar, Maktab",Yo’q,"TavsifТелефон 993078411Чиланзар 22-квартира1в2/4/4 площадь 38м²Балкон 1,5×6Ремонт: СреднийСанузел Раздельный",,https://www.olx.uz/d/oz/obyavlenie/uchtepa-zags-1komnatnaya-38m-balkon1-56-prodayotsya-kvartira-ID46fP0.html
Biznes,Ikkilamchi bozor,2,63,3,12,Monolitli,Aralash-alohida,Aralash,Ha,,,Yo’q,"TavsifМирабадский район.Ул. НукусскаяЖК ""Parkwood""Один из самых красивых жилищных комплексов в Ташкенте.2/3/13, 63м².Ориентир: Госпитальный рынок.Новый ремонт.Полностью укомплектована мебелью и техникой.Есть открытый балкон.Установлена система кондиционирования.Тел. +998930098886 Дмитрий",,https://www.olx.uz/d/oz/obyavlenie/zhk-parkwood-2-3-13-gospitalnyj-rynok-ID452f6.html
Biznes,Yangi qurilgan uylar,4,140,3,4,,,2 va undan koʻp sanuzel,Ha,,,Yo’q,"Tavsifмассив Эльбек, Кирпичные дома «Попугайчики», ориентир Канадская школа , напротив ИнфинитиЭксклюзивная квартира с дизайнерским ремонтом4 комнаты (евро)3 этаж из 4-х140 квадратов2 санузла (душ и ванна)супер зеленый дворкухня с заломродительская с санузлом + гардеробдетская + игровая2-я детскаяэргономичные шкафымебель под заказтехника Bosh немецкой сборкисупер качественный ремонт380.000$ / торг",,https://www.olx.uz/d/oz/obyavlenie/bankovskaya-kvartira-massiv-elbek-ID45rdP.html
Jismoniy shaxs,Ikkilamchi bozor,1,37,4,4,Gʻishtli,Aralash,Aralash,Yoʻq,"Telefon, Kabelli TV, Internet, Konditsioner, Balkon, Televizor, Oshxona, Muzlatkich, Kir yuvish mashinasi","Maktab, Supermarket, doʻkonlar, Park, yashil zona, Kasalxona, poliklinika, turargoh, Bekatlar, Bolalar bogʻchasi, Restoran, kafelar, Bolalar maydonchasi, Koʻngilochar muassasalar",Yo’q,"TavsifПродаётся своя квартира однокомнатная переделаная в двух цент якасорайский район улица абдула коххора все коммуникации ,все рядом ориентир рай газ Галерейного типа.",,https://www.olx.uz/d/oz/obyavlenie/prodayotsya-svoya-12-4-4-ID3TxqF.html
Biznes,Yangi qurilgan uylar,3,77,7,9,Gʻishtli,Alohida ajratilgan,Aralash,Ha,"Kabelli TV, Televizor, Telefon, Balkon, Kir yuvish mashinasi, Konditsioner, Muzlatkich, Internet, Oshxona","Koʻngilochar muassasalar, Bekatlar, Maktab, Supermarket, doʻkonlar, Restoran, kafelar, Bolalar maydonchasi, Park, yashil zona, Bolalar bogʻchasi, Kasalxona, poliklinika, turargoh",Yo’q,"TavsifМ.Улуг, ЖК Паркентский3 комнаты | 77 м² | 3/7Кирпичный дом, с ремонтом, упакованнаяКадастр есть, дом сданОриентир: Циолковская, ПаркентскийЦена: 95 000 у.еКонтакт: +998 97 111 18 07",,https://www.olx.uz/d/oz/obyavlenie/golden-house-zhk-parkentskij-cialkovskaya-pod-klyuch-3-komnatnaya-77-m2-ID43mrz.html
Biznes,Yangi qurilgan uylar,2,60,13,51,Monolitli,Studiya,Aralash,Ha,"Oshxona, Balkon, Internet, Kabelli TV, Telefon","Kasalxona, poliklinika, Maktab, Bolalar maydonchasi, Bolalar bogʻchasi, Bekatlar, Park, yashil zona, Koʻngilochar muassasalar, Restoran, kafelar, turargoh, Supermarket, doʻkonlar",Yo’q,"TavsifПрестижная квартира в Tashkent City — Nest OneСрочная продажа 2-комнатной квартиры в премиум-доме Nest One от застройщика Murad Buildings.60 м², 2 комнаты, 13 этаж из 51, монолитДом сдан, кадастр есть, 30% заселение, готова к быстрому переоформлению.Расположена в шаге от Ташкент Сити, в одном из самых престижных районов города.Цена: 136 000 у.еКонтакт: +998 97 111 18 07",,https://www.olx.uz/d/oz/obyavlenie/murad-building-zhk-nest-one-tashkent-siti-korobka-2-kom-60-m2-vykup-cena-ID43mUA.html
Biznes,Yangi qurilgan uylar,2,52.66,10,14,Monolitli,Alohida ajratilgan,Aralash,Yoʻq,"Telefon, Kabelli TV, Balkon, Oshxona, Internet","Koʻngilochar muassasalar, Bekatlar, Maktab, Supermarket, doʻkonlar, Restoran, kafelar, Bolalar maydonchasi, Park, yashil zona, Bolalar bogʻchasi, Kasalxona, poliklinika, turargoh",Yo’q,"TavsifWhite Box в ЖК OzMahal — от Golden House2 комнаты | 52.66 м² | 2 этаж из 14Район Дархан, ориентир — ул. Пушкина. Дом монолитный, в предчистовой отделке White Box.Коробка, сдача — 1 квартал 2025 г., кадастр будет, отличный вариант для тех, кто хочет сделать ремонт по своему вкусу.Цена: 78 000 у.еКонтакт: +998 97 111 18 07",,https://www.olx.uz/d/oz/obyavlenie/zhk-oz-mahal-golden-house-m-pushkina-darxan-korobka-2-komnatnaya-52-66-m2-ID43nx2.html
Jismoniy shaxs,Ikkilamchi bozor,2,58,4,5,Panelli,Alohida ajratilgan,Alohida,Yoʻq,"Internet, Telefon, Muzlatkich, Konditsioner, Kabelli TV, Kir yuvish mashinasi, Oshxona, Balkon","Kasalxona, poliklinika, Maktab, Bolalar maydonchasi, Bolalar bogʻchasi, Bekatlar, Park, yashil zona, Koʻngilochar muassasalar, Restoran, kafelar, turargoh, Supermarket, doʻkonlar",Yo’q,"TavsifПродаётся квартира в Алмазарском районе массив Тансыкбаева-2, ориентир продуктовый базарчик 5 этажный дом улучшенной планировки 4 этаэ 2 переделанная в 3 комнатную квартиру неторцевая балкон 6 на 2 средний ремонт все комнаты туалет и ванна раздельные частично меблированная отличное месторасположение очень развитая инфраструктура",,https://www.olx.uz/d/oz/obyavlenie/prodayu-almazar-23-4-5-balkon-2-na-6-netorec-ID3ZT2n.html
Jismoniy shaxs,Ikkilamchi bozor,4,79.30,3,4,,Alohida ajratilgan,Alohida,Ha,"Internet, Telefon, Muzlatkich, Televizor, Kir yuvish mashinasi, Oshxona, Balkon","Kasalxona, poliklinika, Maktab, Bolalar maydonchasi, Bolalar bogʻchasi, Bekatlar, Koʻngilochar muassasalar, Restoran, kafelar, turargoh, Supermarket, doʻkonlar",Bor,"Tavsif4 xonali kvartira sotiladi, umumiy maydoni – 79 m².Xonalar ajratilgan.Kvartira qarzlar va cheklovlarsiz. Bitta voyaga yetgan mulkdor. Hujjatlar tayyor, tezda shartnoma tuzish mumkin. Shartnomada to‘liq narx ko‘rsatiladi.Kvartira yashash uchun yaroqli holatda, toza va tartibli — darhol ko‘chib kirish mumkin. Istasangiz, o‘zingizga mos qilib ta’mirlash mumkin.Uy qulay joyda joylashgan — yaqinida maktab, bog‘cha, do‘kon va dorixona bor.Jamoat transporti va metro bekatlari yurish masofasida.Hudud osoyishta, qo‘shnilar yaxshi.Hovlida bolalar maydonchasi va mashina qo‘yish uchun joy bor.///////Продаётся 4-комнатная квартира с  общей площадью 79м² и раздельной планировкой. Квартира без обременений, один взрослый собственник, документы готовы к сделке, быстрый выход. Полная стоимость указывается в договоре.Квартира в жилом состоянии, чистая и ухоженная — можно заехать и жить. При желании можно сделать ремонт под своё усмотрение.Дом расположен в районе с развитой инфраструктурой — рядом школы, детские сады, магазины, аптеки.В шаговой доступности — остановки общественного транспорта и метро.Спокойный район, хорошие соседи.Во дворе — детская площадка, есть парковочные места.",,https://www.olx.uz/d/oz/obyavlenie/yunusabad-8-kvartal-prodaetsya-4x-komnatnaya-kvartira-srochno-ID44EXH.html
Biznes,Ikkilamchi bozor,3,75,7,9,Monolitli,Alohida ajratilgan,Alohida,Ha,"Internet, Muzlatkich, Televizor, Konditsioner, Kabelli TV, Kir yuvish mashinasi, Oshxona, Balkon","Kasalxona, poliklinika, Maktab, Bolalar maydonchasi, Bolalar bogʻchasi, Bekatlar, Park, yashil zona, Koʻngilochar muassasalar, Restoran, kafelar, turargoh, Supermarket, doʻkonlar",Bor,"TavsifСрочно! Продаётся идеальная 3х комнатная квартира Французской планировки на 7 этаже 9 этажного дома, квартира находится в центре города с прекрасным видом на город и мечеть Хаст Имам. Адрес: Алмазарский район Себзор 13 ориентир бывший Чёрный банк, Анкара Кебаб, мечеть Хаст Имом. Квартира продаётся со всеми вещами и Техникой. Продаётся от хозяина нет никаких Маклерских переплат.",,https://www.olx.uz/d/oz/obyavlenie/srochno-prodayotsya-3x-kom-kv-sebzor-13-or-xast-imom-mechet-ankara-k-ID45Err.html
Jismoniy shaxs,Yangi qurilgan uylar,2,55,7,8,Gʻishtli,Alohida ajratilgan,Aralash,Yoʻq,Balkon,"Koʻngilochar muassasalar, Bekatlar, Maktab, Supermarket, doʻkonlar, Restoran, kafelar, Bolalar maydonchasi, Park, yashil zona, Bolalar bogʻchasi, Kasalxona, poliklinika, turargoh",Yo’q,TavsifНовастройка 55кв м. 2х комнатный. На 7-этаже. Коробка. Не торец. С большим подъездом. Ориентир 16-гор больница. Вдоль дороги. Отличная локация. Кадастр 1-июня будет готова,,https://www.olx.uz/d/oz/obyavlenie/novastrojka-ot-zastrojshhika-strong-edifice-ID42Gma.html
Biznes,Yangi qurilgan uylar,2,46,8,10,,,,Ha,"Telefon, Kabelli TV, Internet, Konditsioner, Balkon, Televizor, Oshxona, Muzlatkich, Kir yuvish mashinasi","Bolalar maydonchasi, Maktab, Koʻngilochar muassasalar, Kasalxona, poliklinika, Supermarket, doʻkonlar, Park, yashil zona, Bekatlar, turargoh, Bolalar bogʻchasi, Restoran, kafelar",Yo’q,TavsifПРОДАЕТСЯ КВАРТИРА!!!НОВОСТРОЙКАЖК Яккасарай Сити МоллЯккасарайский районОриентир - Улица Шота Руставели перекрёстка Братский2/8/10Площадь - 46 м2Новый ремонтС мебелью и техникойЦена - 79.000 у.е+998909859959 Николай,,https://www.olx.uz/d/oz/obyavlenie/prodayotsya-2-8-10-46m2-v-zhk-yakkasaraj-siti-moll-ID452eU.html
Biznes,Ikkilamchi bozor,3,70,3,5,Gʻishtli,Alohida ajratilgan,Alohida,Yoʻq,"Internet, Oshxona, Telefon, Balkon","Restoran, kafelar, Bolalar bogʻchasi, turargoh, Supermarket, doʻkonlar, Park, yashil zona, Kasalxona, poliklinika, Koʻngilochar muassasalar, Maktab, Bolalar maydonchasi",Yo’q,TavsifГ.Лопатина /Ю.РаджабийТихая зеленая территорияРечка Анхор; аллея 3/3/5Отличное расположение(ор-р Космонавты метроКукольный театр ИнтерполДом внутри кварталаПлощадь: кирпич 70м2Состояние: Евро ЛЮКСМЕБЕЛЬЮ  и ТЕХНИКОЙЦЕНА: 155.000у.е+998900070022,,https://www.olx.uz/d/oz/obyavlenie/g-lopatina-yu-radzhabij-kosmonavtov-rechka-anxor-3-3-5-70m2-evro-remont-ID46fOt.html
Biznes,Yangi qurilgan uylar,3,85,2,8,Gʻishtli,Alohida ajratilgan,Alohida,Ha,"Internet, Telefon, Muzlatkich, Televizor, Konditsioner, Kabelli TV, Kir yuvish mashinasi, Oshxona, Balkon","Kasalxona, poliklinika, Bolalar maydonchasi, Bolalar bogʻchasi, Bekatlar, Park, yashil zona, Koʻngilochar muassasalar, Restoran, kafelar, turargoh, Supermarket, doʻkonlar, Maktab",Bor,TavsifРеклама № 1998Заходи и Живи 3х комнатная квартира на 2 этаже в Новостройке с Лифтом РудакийАгентство Недвижимости Самарканда•Тип жилья: Новостройка.•Количество комнат: 3.•Этаж: 2 с лифтом.•Этажность дома: 8.•Площадь: 85м².•Состояние: Заходи и Живи.•Адрес: Рудакий.•Ориентир: Олтин Самарканд.•Кадастр: имеется•Лифт: есть•Цена: 94.990 у.е. торг имеется.Наши контакты:+99891-557-83-84 Зафар+99891-554-14-04 Жонибекхэш-тэг: #3_ком #новостройка #рудакий,,https://www.olx.uz/d/oz/obyavlenie/prodayotsya-3-komnatnaya-kvartira-na-2-etazhe-ID46fOs.html
Biznes,Yangi qurilgan uylar,2,86,5,8,Monolitli,Alohida ajratilgan,Alohida,Ha,"Internet, Telefon, Muzlatkich, Televizor, Konditsioner, Kabelli TV, Kir yuvish mashinasi, Oshxona, Balkon","Kasalxona, poliklinika, Maktab, Bolalar maydonchasi, Bolalar bogʻchasi, Bekatlar, Park, yashil zona, Koʻngilochar muassasalar, Restoran, kafelar, turargoh, Supermarket, doʻkonlar",Yo’q,TavsifНовый объект на продаже!Pandora Xon SaroyДокументы (кадастр): естьКомнат: 2Этаж 5/ Этажность: 8/Метраж: 61м2; + терасса 25Ремонт: С ремонтомРайон: ЮнусабадЦена: 80 000у.е+998771010015AlphaRealty07,,https://www.olx.uz/d/oz/obyavlenie/yunusabad-pandora-novostrojka-kadastr-bor-2xonali-86m2-zor-narxda-ID46fOh.html
Biznes,Yangi qurilgan uylar,4,104,2,14,Monolitli,Alohida ajratilgan,2 va undan koʻp sanuzel,Ha,"Internet, Telefon, Muzlatkich, Televizor, Konditsioner, Kabelli TV, Kir yuvish mashinasi, Oshxona, Balkon","Kasalxona, poliklinika, Maktab, Bolalar maydonchasi, Bolalar bogʻchasi, Bekatlar, Park, yashil zona, Koʻngilochar muassasalar, Restoran, kafelar, turargoh, Supermarket, doʻkonlar",Yo’q,"TavsifПродается 4-комнатная квартира в Zarafshan City, Яккасарайский районОриентир: ТРЦ PYRAMIT, кафе BON, Фрунзенский торговый центр, Международный аэропортЗастройщик: Zarafshan Golden GroupКадастр: скоро будетЭтаж: 2 из 14Площадь: 104 м²Ремонт: евроПланировка: раздельнаяСанузлы: 2Тип дома: монолитЦена: 192 999 долларовТелефон: +998 77 003 29 22O‘zbek tilida:Zarafshan City турар жой мажмуасида 4 хонали квартира сотилади, Яккасарой туманиМўлжал: PYRAMIT савдо маркази, BON кафе, Фрунзе бозори, Халқаро аэропортҚурилган: Zarafshan Golden GroupКадастр: тез орада тайёр бўладиҚават: 2/14Майдони: 104 м²Таъмир: евроРежа: ажратилганСанузел: 2 таБино тури: монолитНархи: 192 999 долларТелефон: +998 77 003 29 22",,https://www.olx.uz/d/oz/obyavlenie/srochno-yakkasaraj-zarafshan-sity-4kom-104m2-pyramit-kafe-bon-arzon-ID43fyq.html
Biznes,Yangi qurilgan uylar,1,30,3,3,Gʻishtli,Alohida ajratilgan,Aralash,Ha,"Internet, Kabelli TV, Oshxona","Maktab, Bolalar bogʻchasi, Bekatlar, Koʻngilochar muassasalar, Restoran, kafelar, Supermarket, doʻkonlar",Yo’q,"TavsifГ.Ташкент,массив Куйлюк 1,уд.Парвона1 комн.квартира с ремонтом,30 КВ.м,свет,газ,вода есть,от главной дороги 200м,из мебели остаётся кухонный,прихожая,коврыЦена не окончательная можно договориться  32400у.е. СРОЧНОтел+998996000212 собственник",,https://www.olx.uz/d/oz/obyavlenie/prodazha-kvartiry-ID45jf6.html
Biznes,Yangi qurilgan uylar,2,75,2,7,Gʻishtli,Alohida ajratilgan,Alohida,Ha,,,Bor,"TavsifХоналар сони: #2хКават: 2+лифтУйнинг каватлар сони: 7Манзил: крытый, напротив военкоматКурилиш тури: кирпичныйХоналар жойлашуви: алохидаУмумий майдони: 75 квмХолати: евроремонтНархи: 56.900$Тел:91-246-7447 / 91-979-7447",,https://www.olx.uz/d/oz/obyavlenie/2-xonalik-kvartira-2-etazh-yangi-liftlik-dom-krytyj-naprotiv-voenkomat-ID46fO7.html
Biznes,Ikkilamchi bozor,3,78,2,5,Panelli,Alohida ajratilgan,Alohida,Yoʻq,"Oshxona, Balkon","Kasalxona, poliklinika, Bolalar maydonchasi, Bolalar bogʻchasi, Bekatlar, Park, yashil zona, Koʻngilochar muassasalar, Restoran, kafelar, turargoh, Supermarket, doʻkonlar, Maktab",Yo’q,"TavsifПродаём 3-х комнатную квартирувсего за $72000 (торг)Дом панельный 3/2/5Не торцеваяБалкон 2х6 очень уютныйОбщая площадь 78м²Комнаты раздельныеСанузел раздельныйСостояние отличное зайти и житьЛокация: Сергели 2Вся инфраструктура в шаговой доступности: метро, Ярмарка, Корзинка, школы, детские сады, зелёный двор и тдРассмотрим вариант под ипотеку!Торг уместен, на месте!Телефон для связи Гульнара+998908212112+998712519279",,https://www.olx.uz/d/oz/obyavlenie/prodayu-3-x-komnatnuyu-kvartiru-sergeli-2-ID46fOa.html
Biznes,Ikkilamchi bozor,3,67,2,4,Panelli,Aralash-alohida,Alohida,Ha,"Internet, Kabelli TV, Oshxona, Balkon","Kasalxona, poliklinika, Maktab, Bolalar maydonchasi, Bolalar bogʻchasi, Bekatlar, Park, yashil zona, Koʻngilochar muassasalar, Restoran, kafelar, turargoh, Supermarket, doʻkonlar",Yo’q,"TavsifСрочно Продаётся 3-х ком квартира на 2-этаже 4х этажного дома Яшнабадский район ул Авиосозлар 1. Общая площадь 67кв.м2.Состояние квартир чистая с балконом 1.5х6 санузел разделение расположена в хорошим месте рядом есть школа и детский сад,  магазин, рынка Кадышва, метро 3-бекат карзинка. Подробнее по вопросу звоните... +998935733009",,https://www.olx.uz/d/oz/obyavlenie/prodayotsya-3-x-kom-kvartira-na-aviosozlar-1-ID45rdg.html
Jismoniy shaxs,Ikkilamchi bozor,9,5,1,1,Gʻishtli,Aralash,Alohida,Yoʻq,Oshxona,"Kasalxona, poliklinika, Maktab, Bolalar maydonchasi, Bolalar bogʻchasi, Bekatlar, Park, yashil zona, Koʻngilochar muassasalar, Restoran, kafelar, turargoh, Supermarket, doʻkonlar",Yo’q,"TavsifУй сотилади срочно пмк4 да  !Сирдарё вилояти, Боёвут ШАХАРЧАСИ, Сохил махалласи, Гулхан кучаси 13 уй.МУЛЖАЛ ПЕМКА 4 ДАГИ ГРИЛЛ ЧОЙХОНА ТУГРИСИДАГИ КУЧАДА ЖОЙЛАШГАНХОНАЛАР СОНИ 9 ТАОШХОНА, ХАММОМ, ХОЖАТХОНА БОР АЛОХИДА ХОВЛИДАСув, газ, светдан умуман муаммо йук ховлида кран бор,Келишадиган жойи борХужжатлари 100 фоиз жойида.+998902415212Телеграм оркали ёзсангиз хам булади.",,https://www.olx.uz/d/oz/obyavlenie/boyovut-shaxarchasida-srochno-uj-sotiladi-pmk4-da-ID44L3f.html
Jismoniy shaxs,Yangi qurilgan uylar,2,68.90,7,13,Gʻishtli,Alohida ajratilgan,Alohida,Yoʻq,Balkon,"Bolalar maydonchasi, Bekatlar, Park, yashil zona, turargoh, Supermarket, doʻkonlar",Yo’q,"TavsifПродается 2х комнатная квартира ( новостройка). Кадастр имеется.Можно в ипотекуВ квартире установлены счетчики:Газовые, электрические, холодной и горячей водыТакже в квартире установлены: ванна, газовая плита, унитаз",,https://www.olx.uz/d/oz/obyavlenie/2x-komnatnaya-kvartira-ipoteka-g-zarafshan-ID3T25L.html
Jismoniy shaxs,Yangi qurilgan uylar,3,83,7,12,Monolitli,Alohida ajratilgan,Aralash,Yoʻq,"Internet, Telefon, Konditsioner, Balkon","Kasalxona, poliklinika, Maktab, Bolalar maydonchasi, Bolalar bogʻchasi, Bekatlar, Park, yashil zona, Koʻngilochar muassasalar, Restoran, kafelar, turargoh, Supermarket, doʻkonlar",Yo’q,"TavsifПродается 3-х комнатная квартира в ЖК «Parkwood» (Новостройка)Локация:•     Ор-р: Госпитальный, ул.Нукус, Макро•   Район: МирабадскийХарактеристики:•	Комнат: 3•	Этаж: 7 / 12•	Площадь: 83 м² + два (2) балконы•	Состояние: выполнены электромонтажные работы, теплый пол, сантехника, кондиционеры, установлен двух контурный котелПреимущества ЖК:•	Современный жилой комплекс с развитой инфраструктурой•	Охраняемая территория, парковка•	Рядом школы, детские сады, магазины, кафе•	Удобная транспортная развязкаЦена:  155.000 у.еКонтакт: +998 97 233 33 73 Алижан",,https://www.olx.uz/d/oz/obyavlenie/3x-komnatnaya-kvartira-v-zhk-parkwoodnovostrojka-oformlen-kadastr-ID3YtUw.html
Biznes,Yangi qurilgan uylar,2,44,8,8,Gʻishtli,Aralash-alohida,Aralash,Yoʻq,"Internet, Kabelli TV, Oshxona, Balkon","Kasalxona, poliklinika, Bolalar maydonchasi, Bolalar bogʻchasi, Bekatlar, Park, yashil zona, Koʻngilochar muassasalar, Restoran, kafelar, turargoh, Supermarket, doʻkonlar, Maktab",Yo’q,Tavsif#Яшнабот жк иззат Азия Хаус навастройкаСрочно сотилади1*2/8/8 44м2Гиштли домЛифти борХужати жойдаРемонти янгиТел 939261219,,https://www.olx.uz/d/oz/obyavlenie/yashnabot-izzat-2-8-8-44m2-ID45Qhk.html
Biznes,Ikkilamchi bozor,2,65,4,9,Monolitli,Alohida ajratilgan,Alohida,Ha,"Telefon, Kabelli TV, Internet, Konditsioner, Balkon, Televizor, Oshxona, Muzlatkich, Kir yuvish mashinasi","Bolalar maydonchasi, Maktab, Koʻngilochar muassasalar, Kasalxona, poliklinika, Supermarket, doʻkonlar, Park, yashil zona, Bekatlar, turargoh, Bolalar bogʻchasi, Restoran, kafelar",Yo’q,TavsifЧиланзар 16 Квартал2\4\9Средний ремонтПлощадь 65м²РазделкаБалкон 1×7Ориентир Метро ЧиланзарЦена 78.000$Звоните по номеру +998992843233.Или напишите в телеграм!,,https://www.olx.uz/d/oz/obyavlenie/razdelka-65m-chilonzor-16-kvartal-2-4-9-kvartira-sotiladi-ormetro-ID452eD.html
Biznes,Ikkilamchi bozor,2,55,2,5,Gʻishtli,Aralash,,Ha,"Internet, Telefon, Muzlatkich, Televizor, Konditsioner, Kabelli TV, Kir yuvish mashinasi, Oshxona, Balkon","Kasalxona, poliklinika, Bolalar maydonchasi, Bolalar bogʻchasi, Bekatlar, Park, yashil zona, Koʻngilochar muassasalar, Restoran, kafelar, turargoh, Supermarket, doʻkonlar",Yo’q,Tavsif2в3/2/5 Академ ГородокМирзо Улугбекский районТип строения КирпичПлощадь 55 м²Вся техника HoffmanЦена 87.000901757901 / 909722077,,https://www.olx.uz/d/oz/obyavlenie/2v3-2-5-akadem-gorodok-evroremont-mebel-texnika-ID46fNP.html
Biznes,Yangi qurilgan uylar,2,67.50,10,11,Gʻishtli,Alohida ajratilgan,,Yoʻq,,,Yo’q,Tavsif2/10/11 новостройка67.5 м²Юнусабад-10Ор-р: Большая кольцеваяРаздельная планировкаВнутри сделан предсистовой ремонтКвартира с Кадастром !Цена: 53.000 уе+998332092929+998909553948,,https://www.olx.uz/d/oz/obyavlenie/prodayotsya-kvartira-2-10-11-yunusabad-10-novostrojka-67m2-ID45rd0.html
Biznes,Yangi qurilgan uylar,2,50,8,9,Monolitli,Alohida ajratilgan,Aralash,Ha,"Internet, Telefon, Televizor, Konditsioner, Kabelli TV, Kir yuvish mashinasi, Oshxona, Balkon","Kasalxona, poliklinika, Maktab, Bolalar maydonchasi, Bolalar bogʻchasi, Bekatlar, Park, yashil zona, Koʻngilochar muassasalar, Restoran, kafelar, turargoh, Supermarket, doʻkonlar",Yo’q,"TavsifПродаётся квартира 2/8/9Golden House ЖК «Assalom»ул.Махтумкули(IT-Park,Makro)Общая площадь: 50 м2Состояние: ЕвроремонтМебель/Техника/БалконЗакрытый охраняемый дворЦена: 87.000 у.еПо всем вопросам:+99899-698-08-80+99899-648-08-80",,https://www.olx.uz/d/oz/obyavlenie/novostrojka-2-8-9-ul-maxtumkulimakrogolden-house-assalom-ID45Gnb.html
Biznes,Yangi qurilgan uylar,2,67,6,51,Monolitli,Alohida ajratilgan,Alohida,Yoʻq,,"Restoran, kafelar, Bolalar bogʻchasi, Bekatlar, Park, yashil zona, Kasalxona, poliklinika, Koʻngilochar muassasalar, Maktab, Bolalar maydonchasi",Yo’q,"TavsifСРОЧНОТашкент Ситижк ""Nest One""Комнат: 2Этаж: 6Этажность: 51Площадь: 67.47кв.мСостояние: КоробкаЦена: 2500 $ -1кв.м(168.000$)Тел +998900070022 Шухрат",,https://www.olx.uz/d/oz/obyavlenie/srochno-tashkent-siti-zhk-nest-one-2-6-51-68m2-2500-za-m2-ID46fNF.html
Biznes,Ikkilamchi bozor,2,48,4,4,Panelli,Aralash,Alohida,Yoʻq,"Internet, Telefon, Kabelli TV, Oshxona, Balkon","Kasalxona, poliklinika, Bolalar maydonchasi, Bolalar bogʻchasi, Bekatlar, Park, yashil zona, Koʻngilochar muassasalar, Restoran, kafelar, turargoh, Supermarket, doʻkonlar, Maktab",Yo’q,"TavsifКонтакт 997613233Наш сайт Bayt.Olx.uzЧиланзар 8 квартал2в3/4/4Ориентир: ЗАГСРемонт: СреднийТип строения: ПанельныйПланировка: ЗеркалкаПлощадь: 48м²Балкон: 1,5×3Сан.узел: РаздельныйМебель: НетТехника: НетЦена: 50500",,https://www.olx.uz/d/oz/obyavlenie/zerkalka-2v3-4-4-chilanzar-8-kvartal-zags-prodayotsya-kvartira-ID46fNH.html
Biznes,Ikkilamchi bozor,1,34,1,5,Gʻishtli,,Aralash,Ha,"Internet, Telefon, Muzlatkich, Televizor, Konditsioner, Kabelli TV, Kir yuvish mashinasi, Oshxona, Balkon","Kasalxona, poliklinika, Bolalar maydonchasi, Bolalar bogʻchasi, Bekatlar, Park, yashil zona, Koʻngilochar muassasalar, Restoran, kafelar, turargoh, Supermarket, doʻkonlar, Maktab",Yo’q,TavsifТелефон 993078411Чиланзар 24-квартал1|1|5Огород+ПорковкаОриентир: Ватан плазаРемонт: Средний чистый с Мебель ТехникаТип строения: КирпичныйПлощадь: 34м²Балкон: нетСан.узел: Совмещенный,,https://www.olx.uz/d/oz/obyavlenie/vatan-restoran-1-1-5-kirpichnyj-pod-evro-prodayotsya-kvartira-ID46fNE.html
Jismoniy shaxs,Yangi qurilgan uylar,2,56,3,7,Gʻishtli,Alohida ajratilgan,Alohida,Yoʻq,"Internet, Konditsioner, Kabelli TV, Oshxona","Maktab, Bolalar maydonchasi, Bolalar bogʻchasi, Bekatlar, turargoh, Supermarket, doʻkonlar",Yo’q,"TavsifЗарафшон шахар, 14-мкр, 5-уйдан 3-этажда 2 хонали квартира сотилади. Ремонти яхши. Лифт 24/7 ишлайди. Тел. 50 9776638Продаётся 2-х комнатная квартира по адресу: г. Зарафшан, 14-мкр, 5-дом на 3 этаже. Ремонт хороший. Лифт работает 24/7. Торг уместен. Тел: 50 9776638",,https://www.olx.uz/d/oz/obyavlenie/sotiladi-14-mkr-5-ujda-2-xonali-kvartira-sotiladi-ID44nAV.html
Biznes,Yangi qurilgan uylar,3,68,8,11,,,,Ha,,,Yo’q,TavsifНовастройка 3/8/11Ул НурафшонОриентир: РивераМетро 5 минутДом в доль дорогиОбщей площадь: 68 квСостояние: авторский проект2 кондиционерМебель +техника :Good wellСостояние: новый ремонтЦена:99.000$+998978770077 Алексей,,https://www.olx.uz/d/oz/obyavlenie/prodaetsya-novostrojka-3-komnaty-sebzar-rivera-trc-ID45rcU.html
Jismoniy shaxs,Ikkilamchi bozor,2,62,7,12,Gʻishtli,Aralash,Alohida,Ha,"Kir yuvish mashinasi, Muzlatkich, Oshxona, Televizor, Balkon, Konditsioner, Internet","Restoran, kafelar, turargoh, Bekatlar, Supermarket, doʻkonlar, Park, yashil zona, Koʻngilochar muassasalar, Bolalar maydonchasi",Yo’q,TavsifKrestik 1 liniya yo’l yuzidaMetro 3 bekat7 chi etaj2 xona  62м2Remot yengiMebel texnika qoladiOrientir ECO bozor korzinka60.000 kelishamizO’zimni uyim98 366-19-19,,https://www.olx.uz/d/oz/obyavlenie/dom-sotiladi-srocna-40-let-krestik-da-ID451AJ.html
Biznes,Ikkilamchi bozor,2,60,2,9,,,,Ha,,,Yo’q,TavsifПродаётся квартира Яккасарайский район Ул Бабура2/2/960 квС обстановкойЦена 64000уе окончательно,,https://www.olx.uz/d/oz/obyavlenie/prodayotsya-uyutnaya-kvartira-ul-babura-ID45qL4.html
Jismoniy shaxs,Ikkilamchi bozor,3,70,1,4,,,,Yoʻq,,,Yo’q,TavsifIbn Sino ko‘chasi 8-uy 3-xonadon sotiladi,,https://www.olx.uz/d/oz/obyavlenie/kvartira-sotiladi-ID46dzq.html
Jismoniy shaxs,Yangi qurilgan uylar,2,50,6,7,Gʻishtli,Alohida ajratilgan,Aralash,Ha,"Telefon, Kabelli TV, Internet, Konditsioner, Balkon, Televizor, Oshxona, Muzlatkich, Kir yuvish mashinasi","Bolalar maydonchasi, Maktab, Koʻngilochar muassasalar, Kasalxona, poliklinika, Supermarket, doʻkonlar, Park, yashil zona, Bekatlar, turargoh, Bolalar bogʻchasi, Restoran, kafelar",Yo’q,TavsifСергилийский район 7а 3й метроВсе документы имеютсяГотово на продажу,,https://www.olx.uz/d/oz/obyavlenie/prodazha-kvartiry-ID3n5Kf.html
Biznes,Yangi qurilgan uylar,3,70,2,5,,,,Ha,,,Yo’q,TavsifСрочноПродается квартираАдрес Яккасаройский районУл МукимиОриентир Эвос вдоль дорогиПервая линия евро ремонт3/2/5 этажОбщая площадь 70 квадратКирпичный дом2-6 БалконМебель Техника останетсяЦена 99000$Тел +998908118991Тел +998908218444Лучшие предложение по городу ташкентаhttps://t.me/arzonuylartoshkent1,,https://www.olx.uz/d/oz/obyavlenie/srochno-prodaetsya-kvartira-ulica-mukimi-or-r-evos-vdol-dorogi-ID46fRE.html
Biznes,Yangi qurilgan uylar,2,55,6,9,Gʻishtli,Alohida ajratilgan,Alohida,Yoʻq,"Internet, Telefon, Kabelli TV, Oshxona, Balkon","Kasalxona, poliklinika, Maktab, Bolalar maydonchasi, Bolalar bogʻchasi, Bekatlar, Park, yashil zona, Koʻngilochar muassasalar, Restoran, kafelar, turargoh, Supermarket, doʻkonlar",Yo’q,"Tavsif""Yangi Nurafshon"" turar joy majmuasining yangi bloklari sotuvi boshlandi!",,https://www.olx.uz/d/oz/obyavlenie/yangi-bloklar-sotuvi-boshlandi-yangi-nurafshon-tjm-erect-qurilish-ID452hw.html
Biznes,Yangi qurilgan uylar,2,50,6,9,Gʻishtli,Studiya,Aralash,Ha,"Internet, Telefon, Muzlatkich, Televizor, Konditsioner, Kabelli TV, Kir yuvish mashinasi, Oshxona, Balkon","Kasalxona, poliklinika, Maktab, Bolalar maydonchasi, Bolalar bogʻchasi, Bekatlar, Park, yashil zona, Koʻngilochar muassasalar, Restoran, kafelar, turargoh, Supermarket, doʻkonlar",Yo’q,TavsifРайон: МирабадБританский кварталПремиум Жилой комплекс GreenwichЗастройщик: Golden HouseКадастр: Есть2/6/9Площадь: 50м2Кирпичный домСтудийная планировкаЕвро ремонтС мебелью и техникойЗакрытый дворЦена: 86 000 у.е.Саида +998952258855,,https://www.olx.uz/d/oz/obyavlenie/zhk-greenwich-2-6-9-50m2-evro-remont-mirabad-britanskij-kvartal-srochno-ID43QzN.html
Biznes,Yangi qurilgan uylar,1,29,7,12,Gʻishtli,Studiya,Aralash,Ha,"Kir yuvish mashinasi, Muzlatkich, Oshxona, Televizor, Balkon, Konditsioner, Internet, Kabelli TV, Telefon","Restoran, kafelar, Bolalar bogʻchasi, turargoh, Bekatlar, Supermarket, doʻkonlar, Park, yashil zona, Kasalxona, poliklinika, Koʻngilochar muassasalar, Maktab, Bolalar maydonchasi",Yo’q,"TavsifКонтакты для связи: +998999040244ШайхантахурДружба НародовНовостройка1/7/12Ориентир: Олий Мажлис,Метро Миллий богРемонт: ЕвроремонтТип строения: КирпичныйПланировка: СтудияПлощадь: 29м²Балкон: НавеснойСан.узел: СовмещенМебель: естьТехника: естьЦена: 56.000",,https://www.olx.uz/d/oz/obyavlenie/novostrojka-1-7-12-evro-upakovana-metro-millij-bog-olij-mazhlis-ID46fRC.html
Biznes,Ikkilamchi bozor,1,30,3,5,Gʻishtli,Alohida ajratilgan,Aralash,Ha,"Telefon, Kabelli TV, Internet, Konditsioner, Balkon, Televizor, Oshxona, Muzlatkich, Kir yuvish mashinasi","Bolalar maydonchasi, Maktab, Koʻngilochar muassasalar, Kasalxona, poliklinika, Supermarket, doʻkonlar, Park, yashil zona, Bekatlar, turargoh, Bolalar bogʻchasi, Restoran, kafelar",Yo’q,"TavsifСвоя , срочно продам квартиру1/3/5. 30 кв.м. Балкон 1,5х3Кирпичный домМирзо Улугбекский районМетро Максим Горький, Высоковольтный, перекрёсток Дом Быта, ориентир Бухара кафе.Квартира после капитального евро ремонта новый с мебелью и техникой всё остаётся,  спокойно можно сдавать в аренду 450-500$. Рядом всё есть развития инфраструктуры. Тихий хороший элитный район. Звоните: 909408608 Фаррух.",,https://www.olx.uz/d/oz/obyavlenie/svoya-srochno-prodam-kvartiru-1-3-5-30-kv-m-metro-maksim-gorkij-ID44l1s.html
Biznes,Yangi qurilgan uylar,2,40,1,9,Gʻishtli,Alohida ajratilgan,Aralash,Ha,,,Yo’q,"Tavsif2/1/9 Махтумкули ул. новостройка ЖК Poytaht ремонт, мебель, 40 кв., цена 67.000 уе+998332092929+998909553948",,https://www.olx.uz/d/oz/obyavlenie/prodayotsya-kvartira-2-1-9-maxtumkuli-zhk-poytaht-evro-remont-ID45rgh.html
Biznes,Ikkilamchi bozor,4,100,4,4,Gʻishtli,Alohida ajratilgan,Alohida,Ha,"Muzlatkich, Oshxona, Televizor, Konditsioner, Internet, Kabelli TV, Telefon","Restoran, kafelar, Bolalar bogʻchasi, turargoh, Bekatlar, Park, yashil zona, Kasalxona, poliklinika, Koʻngilochar muassasalar, Maktab, Bolalar maydonchasi",Yo’q,"TavsifМирабадский районОриентир- Zor tv, Эльбек бывший ВинзаводПопугайчикСпец планКомнат : 4Этаж : 4Этажность : 4Площадь : 100 кв.мСостояние : качественный ремонтС мебелью и техникой1я линияЦена : 122 000y.e+998900070022",,https://www.olx.uz/d/oz/obyavlenie/prodazha-kvartira-zor-tv-elbek-byvshij-vinzavod-popugajchik-4-4-4-100k-ID46fRx.html
Biznes,Ikkilamchi bozor,2,65,2,9,,,,Yoʻq,,,Yo’q,TavsifСрочно продается ПаркентскийЗавод шампанских винЯшнабадский район2/2/9Площадь 65м2Без ремонтаОтдельный входЦена:67.000$ срочно+998978770077 Алексей,,https://www.olx.uz/d/oz/obyavlenie/parkentskij-2-kom-kvartira-franciya-otdelnyj-vxod-ID45rgc.html
Biznes,Ikkilamchi bozor,2,60,3,4,Gʻishtli,Alohida ajratilgan,Aralash,Yoʻq,"Internet, Telefon, Oshxona, Balkon","Kasalxona, poliklinika, Bolalar maydonchasi, Bolalar bogʻchasi, Bekatlar, Park, yashil zona, Koʻngilochar muassasalar, Restoran, kafelar, turargoh, Supermarket, doʻkonlar, Maktab",Yo’q,"Tavsif77 серия,балкон 2+6,кирпич, состояние среднее, можно зайти и жить. Ориентир Водник центр (школа, остановки, магазин,)",,https://www.olx.uz/d/oz/obyavlenie/prodaetsya-dvuxkomnatnaya-kvartira-na-massive-vodnik-ID46fRp.html
Jismoniy shaxs,Yangi qurilgan uylar,2,41.55,3,3,Gʻishtli,Alohida ajratilgan,,Ha,,,Yo’q,"TavsifSrochna. Termiz shahar. Sohilda 2 xonali. 3 qavatli uyning  3 qavati. Otopleniya, konditsioner yangi, xolodilnik, ariston, kuxonniy garnitur, gilam pardasi bor. Hammasi qoldiriladi. Uy o'zimni nomimda. Naqd ikkilamchi farqi yo'q. Suzish havzasi ro'parasida.",,https://www.olx.uz/d/oz/obyavlenie/2-xonali-kv-termiz-sohil-3-etaj-suzish-havzasi-roparasida-ID45ry3.html
Jismoniy shaxs,Yangi qurilgan uylar,3,95,14,17,Monolitli,Alohida ajratilgan,Aralash,Ha,"Internet, Telefon, Muzlatkich, Televizor, Konditsioner, Kabelli TV, Kir yuvish mashinasi, Oshxona, Balkon","Kasalxona, poliklinika, Maktab, Bolalar maydonchasi, Bolalar bogʻchasi, Bekatlar, Park, yashil zona, Koʻngilochar muassasalar, Restoran, kafelar, turargoh, Supermarket, doʻkonlar",Yo’q,"TavsifFartuna House - 3-комнатная квартира с мебелью и техникой в Яккасаром районе.Просторная квартира площадью 95 к.м на 14 этаже 17-этажного монолитного дома.Ремонт: евро некто не жилКадастр: естьОриентир: Ул. Абдулла Каххара, рядом аэропорт и Istanbul City - удобное расположение.Цена: 155 000 у.е.Полностью укомплектована мебелью и техникой — заезжай и живи.Телефон:977687707Fartuna House - Yakkasaroyda mebel va texnikali 3 xonali kvartiraMaydoni 95 km bolgan keng kvartira.Qavat: 14 / 17Ta'mir: evroKadastr: borManzil: Abdulla Qahhor ko'chasi, Istanbul City yaqinida - qulay joylashuv.Narxi: 155 000 y.e.Mebel va texnika bilan to'lia jihozlangan - ko'chib kel va yashayver.Telefon: 977687707",,https://www.olx.uz/d/oz/obyavlenie/sotiladi-prodayotsya-fartuna-house-ul-abdulla-kaxxara-95kv-ID44EXf.html
Jismoniy shaxs,Yangi qurilgan uylar,4,100,7,9,Gʻishtli,Alohida ajratilgan,2 va undan koʻp sanuzel,Ha,"Internet, Konditsioner, Oshxona, Balkon","Kasalxona, poliklinika, Maktab, Bolalar maydonchasi, Bolalar bogʻchasi, Bekatlar, Park, yashil zona, Koʻngilochar muassasalar, Restoran, kafelar, turargoh, Supermarket, doʻkonlar",Bor,"TavsifШайхантахурский район, Генерал Узоков 4/7/9Новостройка: АбуШейхЭтаж 7Этажность 9Общая площадь 100 м2Квартира с ремонтом, частично меблирована.Два санузла, тёплый полДом расположен вдоль дорогиМетро 10 минут ездыИпотека бор",,https://www.olx.uz/d/oz/obyavlenie/srochno-4-xonali-kvartira-sotiladi-bez-rieltor-ipoteka-bor-ID44l98.html
Jismoniy shaxs,Ikkilamchi bozor,2,56,2,2,Gʻishtli,Alohida ajratilgan,Aralash,Yoʻq,"Oshxona, Internet, Balkon","Maktab, Supermarket, doʻkonlar, Park, yashil zona, Kasalxona, poliklinika, turargoh, Bekatlar, Bolalar bogʻchasi, Restoran, kafelar, Bolalar maydonchasi, Koʻngilochar muassasalar",Yo’q,"Tavsif.Квартира находится в Городе Чирчик 2 комнаты, газовое отопление, горячая вода  Чирчиқ шахрида горпаркдв жойлашган. 902701883.  904641108.",,https://www.olx.uz/d/oz/obyavlenie/prodaetsya-kvartira-v-centre-goroda-chirchik-tashkent-ID3O0E3.html
Biznes,Yangi qurilgan uylar,3,50,5,9,Gʻishtli,Alohida ajratilgan,Aralash,Ha,"Internet, Muzlatkich, Televizor, Konditsioner, Kabelli TV, Kir yuvish mashinasi, Oshxona, Balkon","Kasalxona, poliklinika, Maktab, Bolalar maydonchasi, Bolalar bogʻchasi, Bekatlar, Park, yashil zona, Koʻngilochar muassasalar, Restoran, kafelar, turargoh, Supermarket, doʻkonlar",Yo’q,TavsifПродаётся Евроремонт новостройка ЖК NEW LIFEКол.комнат 2в3Этаж 5Этажность 9Площадь 50м2Ремонт ЕвроремонтЦена 79.000Можно сдать в аренду за 600-800 у.е,,https://www.olx.uz/d/oz/obyavlenie/srochno-new-life-2v3-5-9-novostrojka-maxtumkuli-s-mebelyu-i-texnikoj-ID45rg6.html
Jismoniy shaxs,Yangi qurilgan uylar,4,115,8,9,Gʻishtli,Alohida ajratilgan,2 va undan koʻp sanuzel,Ha,"Internet, Muzlatkich, Televizor, Konditsioner, Kir yuvish mashinasi, Oshxona, Balkon","Kasalxona, poliklinika, Bolalar maydonchasi, Bolalar bogʻchasi, Bekatlar, Koʻngilochar muassasalar, Restoran, kafelar, turargoh, Supermarket, doʻkonlar, Maktab",Yo’q,"TavsifПродаем свою 4-х комнатную квартиру в Юнусабадском районе, 15 квартал, улица Юнусота, дом 42а, новостройка, 9-этажка. Ориентир - остановка Баходир. Квартира расположена на 8 этаже, с новым евро-ремонтом, сделанным для себя, качественно.Площадь 115 квадратных метров. Два санузла, регулируемый теплый пол, кондиционеры во всех комнатах. Балкон квартиры с видом на горы. Важно заметить, что квартира не расположена на солнечной стороне.Продается с частично встроенной мебелью и техникой. Можно рассмотреть возможность продажи со всей мебелью.",,https://www.olx.uz/d/oz/obyavlenie/kvartira-yunusabatskij-rajon-15-kvartal-4-komnatnaya-ID3M8qi.html
Jismoniy shaxs,Ikkilamchi bozor,3,95,7,9,Panelli,Alohida ajratilgan,2 va undan koʻp sanuzel,Yoʻq,"Oshxona, Televizor, Balkon, Konditsioner, Internet, Kabelli TV, Telefon, Kir yuvish mashinasi, Muzlatkich","Restoran, kafelar, Bolalar bogʻchasi, turargoh, Bekatlar, Kasalxona, poliklinika, Supermarket, doʻkonlar, Park, yashil zona, Maktab, Koʻngilochar muassasalar, Bolalar maydonchasi",Yo’q,"TavsifСергели-7Общая площадь 95 m2.3-х ком.(переделанная в 5-х).2-Санузела7 этаж 9 этажного дома.Высота потолков 3,00В квартире есть интернет, кондиционер 2шт., параболическая антенна, холодильник, стиральная машина.Имеются 2 стояночных места для парковки автомобилей.Рядом метро, дет.сад., школа, мед. клиники. Развитая инфраструктура.Маклерам не беспокоить.Цена- 110 000у.е.Ориентир: Сергели-7, автобусная конечная и 3-станция метро.",,https://www.olx.uz/d/oz/obyavlenie/prodayotsya-uyutnaya-3-x-kvartira-v-sergeli-7-avtobusnaya-konechnaya-ID31hRR.html
Biznes,Ikkilamchi bozor,1,30,3,4,Panelli,,Alohida,Ha,,,Yo’q,Tavsifchilonzor 3 kvartal1/3/4yevro remontmebel texnikaтеплый полориентир  Estimed51500,,https://www.olx.uz/d/oz/obyavlenie/chilonzor-3-evro-remont-1-komnatnaya-orientir-estimed-ID46fR9.html
Biznes,Ikkilamchi bozor,2,55,4,4,,,,Ha,,"Kasalxona, poliklinika, Maktab, Bolalar maydonchasi, Bolalar bogʻchasi, Bekatlar, Park, yashil zona, Koʻngilochar muassasalar, Restoran, kafelar, turargoh, Supermarket, doʻkonlar",Yo’q,"TavsifПродаётся 2-х комнатная квартираОриентир: Ц-7, ЦУМ, 110-школаКомнат: 2Этаж: 4Этажность: 4Общая площадь: 55 м2Состояние: с ремонтомМебель+ТехникаЦена: 90.000 y.e+998909946644 Улугбекt.me/akhulugbek",,https://www.olx.uz/d/oz/obyavlenie/prodaetsya-2-komnatnaya-kvartira-remont-c-7-cum-110-shkola-ID45rfV.html
Jismoniy shaxs,Ikkilamchi bozor,5,110,5,5,Panelli,,Alohida,Ha,"Internet, Telefon, Muzlatkich, Televizor, Konditsioner, Kabelli TV, Kir yuvish mashinasi, Oshxona, Balkon","Kasalxona, poliklinika, Maktab, Bolalar maydonchasi, Bolalar bogʻchasi, Bekatlar, Park, yashil zona, Koʻngilochar muassasalar, Restoran, kafelar, turargoh, Supermarket, doʻkonlar",Bor,TavsifЮнусабад 14кв. 5/5/5. 110кв. Ремоти яхши. 5 хона кенг ва катта уй. Балкон 2х9. Ипотекага ҳам берилади. Тел 998409462,,https://www.olx.uz/d/oz/obyavlenie/yunusabad-14kv-5-5-5-110kv-balkon-2x9-ID45QgA.html
Biznes,Yangi qurilgan uylar,2,55.50,8,16,,,,Yoʻq,,,Yo’q,Tavsifродаются квартиры в новом блоке ЖК Turkiston Avenue!2-ком 55.5кв.м2При 100% оплате - 484.515.000 млнПри рассрочке 538.350.000 млнПервоночальный взнос 30%-161.505.000млн70%-    36 месяц  по  10.468.000 сумУникальное предложение!Начали продажу квартир в новом блоке по выгодным ценам.Условия покупки:Рассрочка на 36 месяцев без процентовОт насВходная дверьНаружные оконные блокиПерегородкиУстановленные счётчикиПлощадь квартир:Студии: от 29 до 38 м²1-комнатные: от 37 до 49 2-комнатные: от 51 до 64 3-комнатные: от 86 до 126Количество квартир ограничено! Успейте приобрести жильё в престижном комплексе Turkiston Avenue.Юнусабод бетонка [Уч кахрамон круг]773701080,,https://www.olx.uz/d/oz/obyavlenie/1-kom-kvartira-s-rassrochkoj-na-36-mesyac-turkiston-avenue-1080-ID3PMS0.html
Biznes,Ikkilamchi bozor,3,70,2,4,Gʻishtli,,,Ha,,,Yo’q,TavsifДоброе время сутокПродается шикарная квартира в ЦентреЦ  6    Метро  МИНОРРесторан  LALI  ( На Небе )До метро 200  метров3/4 - 2 - 4   КИРПИЧСвердловская планировка70  кв.мАвторский ремонт. Мебель и техника. Полностью упакована. Тёплые полы.2  Кондиционера2  Т.В.Цена 128.500 у.е  торг на местеЗвоните 887200744 Юлия,,https://www.olx.uz/d/oz/obyavlenie/massiv-minor-lali-or-r-3v4-2-4-balkon-2x6-novaya-upakovka-ID46fR3.html
Jismoniy shaxs,Ikkilamchi bozor,1,34,4,4,,,,Ha,,,Yo’q,"TavsifChilonzor 171*2/4/4, 34 kvadratMetroga 800 metrRemont yangi,Wi fi, ITV kabel.Narxi 46000$.",,https://www.olx.uz/d/oz/obyavlenie/chilonzor-17-uy-bor-ID46fQX.html
Jismoniy shaxs,Ikkilamchi bozor,4,88,3,3,Gʻishtli,Koʻp darajali,Alohida,Ha,"Internet, Telefon, Muzlatkich, Televizor, Konditsioner, Kabelli TV, Kir yuvish mashinasi, Oshxona, Balkon","Kasalxona, poliklinika, Maktab, Bolalar maydonchasi, Bolalar bogʻchasi, Bekatlar, Park, yashil zona, Koʻngilochar muassasalar, Restoran, kafelar, turargoh, Supermarket, doʻkonlar",Bor,Tavsif1) Боги Амир 2/62) Трёхкомнатная квартира3) трёх этажный дом4) квартира в третьем этаже5) 4 комнаты6) 84 КВ/27) имеется санузел в рабочем форме8) имеется один балкон9 ) высота потолка каждой комнаты от 2.5 до 3 метров10 ) имеется окна в каждой комнате и окна расположены со всех сторон квартирыИ все окна акфа и двери тоже,,https://www.olx.uz/d/oz/obyavlenie/prodaetsya-tryoxkomnatnaya-kvartira-ID45cmA.html
Jismoniy shaxs,Yangi qurilgan uylar,2,68,5,6,Blokli,Alohida ajratilgan,Aralash,Ha,"Kabelli TV, Kir yuvish mashinasi, Oshxona, Balkon","Kasalxona, poliklinika, Bolalar maydonchasi, Bolalar bogʻchasi, Bekatlar, Koʻngilochar muassasalar, Restoran, kafelar, turargoh, Supermarket, doʻkonlar, Maktab",Yo’q,"TavsifSuper joylashuvda joylashgan yangi 2 xonali kvartira. 5-qavat, 6 qavatli uy. 68 kv.m. Barcha jihozlar qoladi. Oshxona mebellari, isitish tizimi (press control) bor. Hujjatlar tayyor. Kelishuv orqali narxni muhokama qilamiz.",,https://www.olx.uz/d/oz/obyavlenie/yangi-tamirlangan-2-xonali-uy-barcha-jihozlari-bilan-ID45TK3.html
Biznes,Ikkilamchi bozor,3,71,2,4,Gʻishtli,Alohida ajratilgan,Alohida,Yoʻq,"Televizor, Oshxona","Kasalxona, poliklinika, Maktab, Bolalar maydonchasi, Bolalar bogʻchasi, Restoran, kafelar, turargoh, Supermarket, doʻkonlar",Yo’q,"TavsifСрочно  продается  3-комнатная квартира  связи переездом.в г. Чирчик!Аккавак, между Макро и Хамкорбанком4-этажный кирпичный дом,не угловая,светлая,зимой тепло летом прохладно ,2-й этажЦена: 55000$.Торг уместен.Звонить только по делу.Удобное расположение, развитая инфраструктура, комфортный 2-й этаж .Сейсмостойкий. Отличный вариант для жизни или инвестиций.Звоните для подробностей и просмотра +998950393499.",,https://www.olx.uz/d/oz/obyavlenie/srochno-prodaetsya-srochno-3-komnatnaya-kvartira-v-g-chirchik-akkavake-ID3VyHK.html
Biznes,Ikkilamchi bozor,4,90,8,9,,,,Yoʻq,,,Yo’q,Tavsifпродается вторичка 4/8/9площадь 90м2состояние требует ремонтаЦена 120 000+998978770077 Алексей,,https://www.olx.uz/d/oz/obyavlenie/c-4-orientir-shedevr-vtorichka-4-8-9-90m2-ID45rfI.html
Biznes,Yangi qurilgan uylar,3,100,4,5,Gʻishtli,Alohida ajratilgan,2 va undan koʻp sanuzel,Ha,,,Bor,"TavsifХоналар сони: #3хКават: 4Уйнинг каватлар сони: 5Манзил: шарк 1, гор больница чоррахаКурилиш тури: кирпичныйХоналар жойлашуви: алохида, икки томонламаУмумий майдони: 100 квмХолати: авторский проект, евроремонтНархи: 52.500$Тел:91-246-7447 / 91-979-7447",,https://www.olx.uz/d/oz/obyavlenie/3-xonalik-kvartira-4-etazh-yangi-dom-shark-1-gor-bolnica-chorraxa-ID46fQQ.html
Biznes,Yangi qurilgan uylar,2,42,7,8,Gʻishtli,Alohida ajratilgan,Aralash,Yoʻq,"Internet, Kabelli TV, Oshxona","Kasalxona, poliklinika, Bolalar maydonchasi, Bolalar bogʻchasi, Bekatlar, Park, yashil zona, Koʻngilochar muassasalar, Restoran, kafelar, turargoh, Supermarket, doʻkonlar, Maktab",Yo’q,Tavsif#Яшнабот тумани иззат кочасида арентр Кадишва базори2/7/8. 42м2 Гиштли дом лифти бор кадастри бор атрофда хамма кулайлиглари бор навастройкаТел 939261219,,https://www.olx.uz/d/oz/obyavlenie/srochno-sotiladi-yashnabot-zhk-izzat-aziya-xaus-navastrojka-ID45Qjv.html
Biznes,Ikkilamchi bozor,4,80,4,4,Gʻishtli,Alohida ajratilgan,Alohida,Yoʻq,"Telefon, Internet, Balkon, Oshxona, Kabelli TV","Bolalar maydonchasi, Maktab, Koʻngilochar muassasalar, Kasalxona, poliklinika, Supermarket, doʻkonlar, Park, yashil zona, Bekatlar, turargoh, Bolalar bogʻchasi, Restoran, kafelar",Yo’q,"TavsifТел: 997643233Чиланзар 22 квартал4|4|4Ориентир: Автобус конечкаРемонт: СреднийТип строения: КирпичныйПланировка:#РазделкаПлощадь: 80м²Балкон: 2х6,  1.5х3Сан.узел: раздельныйМебель: нетТехника: нетЦена: 73000",,https://www.olx.uz/d/oz/obyavlenie/4-xona-chilanzar-22-kv-balkon-2x6-1-5x3-orientir-avtobus-konechka-ID452gA.html
Biznes,Ikkilamchi bozor,1,33,6,9,Monolitli,,,Yoʻq,,,Yo’q,Tavsif(Новостройка) 9 этажка 6-этаж без ремонта 33 квадрат метр 20.000$,,https://www.olx.uz/d/oz/obyavlenie/prodaetsya-1-kom-kvartira-2-oj-m-rajon-ID41Dox.html
Biznes,Yangi qurilgan uylar,2,38,5,9,Panelli,Studiya,Aralash,Ha,,,Yo’q,"Tavsif2/5/9Махтумкули ул.Новостройка  ЖК Green Parkплощадь 38 кв.,евроремонт, мебель, техника,с арендатором 500цена 62.000+998332092929+998909553948",,https://www.olx.uz/d/oz/obyavlenie/prodayotsya-kvartira-2-5-9-green-park-maxtumkuli-38-m2-srochno-ID45rfs.html
Biznes,Ikkilamchi bozor,1,29,4,4,Panelli,,,Yoʻq,,,Yo’q,Tavsif1хона 4 этажка домни 4-этажи холати яхши йўлга яқин жойда жойлашган! 29 квадрат,,https://www.olx.uz/d/oz/obyavlenie/arancha-pobeda-prodaetsya-1-kom-kvartira-ID3VjlR.html
Biznes,Yangi qurilgan uylar,2,40,7,10,,,,Ha,,"Kasalxona, poliklinika, Maktab, Bolalar maydonchasi, Bolalar bogʻchasi, Bekatlar, Park, yashil zona, Koʻngilochar muassasalar, Restoran, kafelar, turargoh, Supermarket, doʻkonlar",Yo’q,"TavsifПродаётся 2-х комнатная квартира ЖК Poytaxt GavhariОриентир: метро Минор, Алайский рынокКомнат: 2Этаж: 7Этажность: 10Общая площадь: 40 м2Состояние: Новый ремонтМебель+ТехникаЦена: 105.000 y.e.+998909946644 Улугбекt.me/akhulugbek",,https://www.olx.uz/d/oz/obyavlenie/poytaxt-gavhari-prodaetsya-2-komnatnaya-kvartira-remont-minor-alajskij-ID3YpxG.html
Biznes,Yangi qurilgan uylar,3,65,2,9,,,,Ha,"Kir yuvish mashinasi, Muzlatkich, Oshxona, Televizor, Konditsioner, Internet, Kabelli TV, Telefon","Restoran, kafelar, Bolalar bogʻchasi, turargoh, Bekatlar, Supermarket, doʻkonlar, Park, yashil zona, Kasalxona, poliklinika, Koʻngilochar muassasalar, Maktab, Bolalar maydonchasi",Yo’q,TavsifПродаётся 3-х комнатная квартира в Новостройке.Ор-р: Паркентский рынокРайон: Яшнабадский р-нКомнат: 3Этаж: 2Этажность: 9Площадь: 65м2Состояние: Евро ремонтМебель + ТехникаЦена: 114.000 у.е+998951359959 Достон,,https://www.olx.uz/d/oz/obyavlenie/prodayotsya-kvartira-3-2-9-65m2-v-novostrojke-ID452gt.html
Jismoniy shaxs,Ikkilamchi bozor,3,70,2,5,Panelli,Alohida ajratilgan,Alohida,Ha,"Internet, Telefon, Televizor, Oshxona, Balkon","Maktab, Bolalar maydonchasi, Bolalar bogʻchasi, Bekatlar, Park, yashil zona, Koʻngilochar muassasalar, Restoran, kafelar, turargoh, Supermarket, doʻkonlar",Yo’q,"TavsifПродажаОриентир: #15_кварталКоличество комнат: #3комнатнаяЭтаж: 2Этажность: 5Планировка: РаздельнаяСанузел: РаздельныйРемонт: СреднийОбщая площадь: 70 кв.м.Плюсы: Отличное расположение, рядом есть метро, магазины, школа и детский сад, тихий и спокойный район с адекватными соседями.Цена: 90  000 $Район: #Юнусабадский",,https://www.olx.uz/d/oz/obyavlenie/srochno-prodam-posrednikov-nebespokoit-yunusobod-15-3-2-5-ID3x70b.html
Jismoniy shaxs,Ikkilamchi bozor,3,70,5,5,Panelli,Alohida ajratilgan,Alohida,Yoʻq,"Internet, Telefon, Oshxona, Balkon","Kasalxona, poliklinika, Maktab, Bolalar maydonchasi, Bolalar bogʻchasi, Bekatlar, Park, yashil zona, Koʻngilochar muassasalar, turargoh, Supermarket, doʻkonlar",Yo’q,TavsifОлмазор туманиМедгородокОриентир: 29 (араб) мактаб3/5/570m266000$ срочно97 746 74 7497 705 32 29Парковка бор 1 та мошинагаOlmazor tumaniMedgorodokMo'ljal: 29 (arab) maktab3/5/570m266000$ srochno97 746 74 7497 705 32 29Parkovka bor 1 ta moshinaga,,https://www.olx.uz/d/oz/obyavlenie/prodaetsya-3x-komnatnaya-kvartira-70m2-medgorodok-medgorodok-3-5-5-ID3ZwDS.html
Biznes,Yangi qurilgan uylar,4,117,2,4,Gʻishtli,,Alohida,Yoʻq,"Internet, Kabelli TV, Oshxona","Restoran, kafelar, Bolalar bogʻchasi, turargoh, Bekatlar, Supermarket, doʻkonlar, Park, yashil zona, Kasalxona, poliklinika, Koʻngilochar muassasalar, Maktab, Bolalar maydonchasi",Yo’q,TavsifJizzax shahar Ivanovskiyda joylashgan yangi qurilgan domlardan 2-etaj 4xonali 117-metr kvadratli Yevro remontli uy sotiladi. Pul zarurligi sababli O'zini narxidan ham arzon narxda. Yarimini oldindan qolgan yarimini yilni oxirgacha bersa bo'ladi. Qolgan barcha ma'lumotlar +998904724572 telefon qiling yoki telegramdan yozing videosini tashlab beraman. Bunaqa imkonyati boshqa yo'q.,,https://www.olx.uz/d/oz/obyavlenie/4xonali-yevro-remontli-eng-arzon-uy-ID45uVg.html
Jismoniy shaxs,Ikkilamchi bozor,43,43,2,2,Monolitli,,,Ha,"Balkon, Oshxona, Kabelli TV","Restoran, kafelar, Bolalar bogʻchasi, turargoh, Supermarket, doʻkonlar, Park, yashil zona, Kasalxona, poliklinika, Koʻngilochar muassasalar, Maktab",Yo’q,"TavsifКвартира сотилади 1 хона 42,21кв2-этажДахлиз 4,2квХоммом 2,21квОшхона 5,94квЯшаш хонаси 17,78квРавон 11,76Иссик сув совук сув бор холати уртачаМанзил : Тошкент вилояти Зангиота тумани  Эшонгузар курғони:Собир Рахимов 7/20Катта трасса йулга якин мактаб  йонида  боғча кафе магазин бор",,https://www.olx.uz/d/oz/obyavlenie/srochna-dom-sotiladi-eshonguzarda-hamma-sharoiti-bor-ID45T3H.html
Biznes,Ikkilamchi bozor,2,48,4,4,Panelli,Aralash,Alohida,Ha,"Internet, Telefon, Muzlatkich, Televizor, Konditsioner, Kabelli TV, Kir yuvish mashinasi, Oshxona, Balkon","Kasalxona, poliklinika, Bolalar maydonchasi, Bolalar bogʻchasi, Bekatlar, Park, yashil zona, Koʻngilochar muassasalar, Restoran, kafelar, turargoh, Supermarket, doʻkonlar, Maktab",Yo’q,"TavsifЧиланзар 18 Квартал2\4\4Хороший Средний ремонтПлощадь 48м²Балкон 1,5×3Ориентир 50×50 МойкаЦена 50.500$Звоните по номеру +998992843233.Или напишите в телеграм!Телеграм каналда яна бошқа вариантлар бор.",,https://www.olx.uz/d/oz/obyavlenie/chilonzor-18-kvartal-2-xona-kvartira-sotiladi-or5050-mojka-ID45Qj7.html
Biznes,Yangi qurilgan uylar,3,105,10,11,Gʻishtli,Alohida ajratilgan,Aralash,Ha,"Internet, Telefon, Muzlatkich, Televizor, Konditsioner, Kabelli TV, Kir yuvish mashinasi, Oshxona, Balkon","Kasalxona, poliklinika, Maktab, Bolalar maydonchasi, Bolalar bogʻchasi, Bekatlar, Park, yashil zona, Koʻngilochar muassasalar, Restoran, kafelar, turargoh, Supermarket, doʻkonlar",Yo’q,"TavsifПродается 3-комнатная квартира в ЖК MuhtashamЮнусабадский район, массив Ц-5Ориентир: Финансовый институтНовостройкаЭтаж: 10 из 11Площадь: 106 м²Состояние: новый качественный ремонтСистема ""Умный дом"", управление голосом (Алиса)Полностью укомплектована мебелью и техникойЦена: 234 999 у.е. (торг уместен)Телефон: +998 77 003 29 22Muhtasham turar joy majmuasida 3 xonali kvartira sotiladiYunusobod tumani, Ts-5 massiviMo‘ljal: Moliya institutiYangi qurilgan uyQavat: 10 / 11Maydoni: 106 m²Holati: sifatli yangi ta’mirAqlli uy tizimi, ovozli boshqaruv (Alisa)To‘liq mebel va texnika bilan ta’minlanganNarxi: 234 999 AQSh dollari (kelishiladi)Telefon: +998 77 003 29 22",,https://www.olx.uz/d/oz/obyavlenie/srochno-3kom-muhtasham-105m2-finansovyj-institut-minor-arzon-ID420Aw.html
Jismoniy shaxs,Ikkilamchi bozor,3,70,3,4,Gʻishtli,Alohida ajratilgan,Alohida,Ha,"Oshxona, Balkon","Kasalxona, poliklinika, Maktab, Bolalar maydonchasi, Bolalar bogʻchasi, Bekatlar, Park, yashil zona, Koʻngilochar muassasalar, Restoran, kafelar, turargoh, Supermarket, doʻkonlar",Yo’q,Tavsif3 хона3 этаж4 этажли домКирпичныйМосковский проектТуалет ванна алохидаКатта балкон 6×2Катта кухня ва прихожкаЕвро янги ремонт хеч ким ящамаганУзим учун ремонт киганман яхщи нарсалар ишлатилганСрочно сотилгани учун 36.000$ киб бераман,,https://www.olx.uz/d/oz/obyavlenie/3-xonali-kvartira-sotiladi-ID46fQt.html
Biznes,Ikkilamchi bozor,3,70,3,9,,,,Ha,,"Kasalxona, poliklinika, Maktab, Bolalar maydonchasi, Bolalar bogʻchasi, Bekatlar, Park, yashil zona, Koʻngilochar muassasalar, Restoran, kafelar, turargoh, Supermarket, doʻkonlar",Yo’q,"TavsifПродаётся 3-х комнатная квартираОриентир: Ц-7, ЦУМ, Vohha, Посольство КореиКомнат: 3Этаж: 3Этажность: 9Общая площадь: 70 м2Состояние: Евро ремонтМебель+ТехникаЦена: 159.000 y.e.+998909946644 Улугбекt.me/akhulugbek",,https://www.olx.uz/d/oz/obyavlenie/c-7-prodaetsya-3-komnatnaya-kvartira-remont-cum-pos-vo-korei-ID41EuE.html
Biznes,Ikkilamchi bozor,3,85,5,9,,,,Ha,"Oshxona, Televizor, Balkon, Konditsioner, Internet, Kabelli TV, Telefon, Kir yuvish mashinasi, Muzlatkich","Restoran, kafelar, Bolalar bogʻchasi, turargoh, Bekatlar, Kasalxona, poliklinika, Supermarket, doʻkonlar, Park, yashil zona, Maktab, Koʻngilochar muassasalar, Bolalar maydonchasi",Yo’q,"Tavsif#Госпитальный , Капитал Банк#3комнатная3/5/9 панелСпец ПланКомнаты раздельныйСанузел раздельныйМебель+техникаСредним ремонтомБалкон 2*6Не торецОбщ пл 85м*2Цена 111000 Срочно!Звоните +998938361122",,https://www.olx.uz/d/oz/obyavlenie/gospitalnyj-3-5-9-spec-plan-mebel-texnika-srochno-balkon-2-6-85kvm-ID42Rgl.html
Biznes,Ikkilamchi bozor,3,108,7,7,,,,Yoʻq,,"Kasalxona, poliklinika, Maktab, Bolalar maydonchasi, Bolalar bogʻchasi, Bekatlar, Park, yashil zona, Koʻngilochar muassasalar, Restoran, kafelar, turargoh, Supermarket, doʻkonlar",Yo’q,"TavsifSotuvda 3 xonalik kvartiraSpec-PlanMo’ljal: Golubie Kupola restorani, Kosmonavtlar metrosi, Yakkasaroy tumaniXona soni: 3Qavat: 7Uy qavatligi: 7Kvadrat: 108 м2Holati: remontsizGarderob xonasi bor3 balkonBo'lingan sanuzelNarxi: 135.000 y.e.+998909946644 Ulugbek",,https://www.olx.uz/d/oz/obyavlenie/sotuvda-3-xonalik-kvartira-kosmonavtlar-metrosi-yakkasaroy-ID45rfk.html
Biznes,Yangi qurilgan uylar,4,90,3,4,Gʻishtli,Alohida ajratilgan,Alohida,Ha,"Muzlatkich, Internet, Televizor, Telefon","Restoran, kafelar, Bolalar bogʻchasi, Bekatlar, Park, yashil zona, Kasalxona, poliklinika, Koʻngilochar muassasalar, Maktab, Bolalar maydonchasi",Yo’q,TavsifСадык АзимоваОриентир головной офис UzHavoYollariEfendi кафеКомнат : 4Этаж : 3Этажность : 4Площадь: кирпич 90м2Состояние: с ремонтомДва(2) сануздаПолностью укомплектованаРазвитая инфраструктураХороший дом и соседиЦена: 155 000у.е+998900070022,,https://www.olx.uz/d/oz/obyavlenie/prodaetsya-kvartira-sadyk-azimova-4-3-4-90m2-s-remontom-ID46fQj.html
Biznes,Ikkilamchi bozor,3,60,7,12,Monolitli,Aralash-alohida,Alohida,Yoʻq,"Internet, Telefon, Muzlatkich, Televizor, Konditsioner, Kabelli TV, Kir yuvish mashinasi, Oshxona, Balkon","Kasalxona, poliklinika, Bolalar maydonchasi, Bolalar bogʻchasi, Bekatlar, Park, yashil zona, Koʻngilochar muassasalar, turargoh, Supermarket, doʻkonlar, Maktab",Yo’q,TavsifСрочно продаю свою 2х переделанную в 3х комнатную квартиру.Не торец.Яккасарайском  районе.По улица Бабура 3/7/12!Орентир Аэропорт мост.Ценна 71000$ .Звонить по номеру+998903263883,,https://www.olx.uz/d/oz/obyavlenie/prodayu-svoyu-kvartiru-ID46fQi.html
Biznes,Ikkilamchi bozor,1,27,4,4,Gʻishtli,Aralash-alohida,Aralash,Ha,"Internet, Muzlatkich, Kabelli TV, Kir yuvish mashinasi, Balkon","Kasalxona, poliklinika, Maktab, Bolalar maydonchasi, Bolalar bogʻchasi, Bekatlar, Park, yashil zona, Koʻngilochar muassasalar, Restoran, kafelar, turargoh, Supermarket, doʻkonlar",Yo’q,TavsifПродается квартира в кирпичном доме с навесным балкономСостояние квартиры среднееМожно сдать в аренду за 250уе+998 947751080 Станислав,,https://www.olx.uz/d/oz/obyavlenie/ttz-1-srochno-ipoteka-1-4-4-33500ue-ID45QiZ.html
